model,brand,product,product_parent,file_urls,type,ean,url,thumb,source
NVR-8070-434K2S-SMA-N,Nevir,Tv Led 4343 ,Televisores ,http://nevir.imagar.com/wp-content/uploads/2021/07/8070-43.pdf,Ficha,8427155023449,https://nevir.es/productos/televisores/tv-led-43/nvr-8070-434k2s-sma-n/,https://nevir.es/wp-content/uploads/2021/07/8070-43frontal-600x377.png,nevir.es
NVR-8070-434K2S-SMA-N,Nevir,Tv Led 4343 ,Televisores ,http://nevir.imagar.com/wp-content/uploads/2021/07/8070-43manual.pdf,Manual de instrucciones,8427155023449,https://nevir.es/productos/televisores/tv-led-43/nvr-8070-434k2s-sma-n/,https://nevir.es/wp-content/uploads/2021/07/8070-43frontal-600x377.png,nevir.es
NVR-8070-434K2S-SMA-N,Nevir,Tv Led 4343 ,Televisores ,http://nevir.imagar.com/wp-content/uploads/2021/07/8070-43label.pdf,Etiqueta Energética,8427155023449,https://nevir.es/productos/televisores/tv-led-43/nvr-8070-434k2s-sma-n/,https://nevir.es/wp-content/uploads/2021/07/8070-43frontal-600x377.png,nevir.es
NVR-8070-434K2S-SMA-N,Nevir,Tv Led 4343 ,Televisores ,https://nevir.es/wp-content/uploads/2021/10/USO-MOUSE-TV.pdf,USO MOUSE TV,8427155023449,https://nevir.es/productos/televisores/tv-led-43/nvr-8070-434k2s-sma-n/,https://nevir.es/wp-content/uploads/2021/07/8070-43frontal-600x377.png,nevir.es
NVR-8071-434K2S-SMA-N,Nevir,Tv Led 4343 ,Televisores ,https://nevir.es/wp-content/uploads/2021/07/8071-43.pdf,Ficha,8427155023463,https://nevir.es/productos/televisores/tv-led-43/nvr-8071-434k2s-sma-n/,https://nevir.es/wp-content/uploads/2021/07/8071-43frontal-600x377.png,nevir.es
NVR-8071-434K2S-SMA-N,Nevir,Tv Led 4343 ,Televisores ,http://nevir.imagar.com/wp-content/uploads/2021/07/8071-43manual.pdf,Manual de instrucciones,8427155023463,https://nevir.es/productos/televisores/tv-led-43/nvr-8071-434k2s-sma-n/,https://nevir.es/wp-content/uploads/2021/07/8071-43frontal-600x377.png,nevir.es
NVR-8071-434K2S-SMA-N,Nevir,Tv Led 4343 ,Televisores ,http://nevir.imagar.com/wp-content/uploads/2021/07/8071-43label.pdf,Etiqueta Energética,8427155023463,https://nevir.es/productos/televisores/tv-led-43/nvr-8071-434k2s-sma-n/,https://nevir.es/wp-content/uploads/2021/07/8071-43frontal-600x377.png,nevir.es
NVR-8071-434K2S-SMA-N,Nevir,Tv Led 4343 ,Televisores ,https://nevir.es/wp-content/uploads/2021/10/USO-MOUSE-TV.pdf,USO MOUSE TV,8427155023463,https://nevir.es/productos/televisores/tv-led-43/nvr-8071-434k2s-sma-n/,https://nevir.es/wp-content/uploads/2021/07/8071-43frontal-600x377.png,nevir.es
NVR-8075-39HD2S-SMA-N,Nevir,Tv Led 3939 ,Televisores ,http://nevir.imagar.com/wp-content/uploads/2021/07/8075-39HD.pdf,Ficha,8427155023456,https://nevir.es/productos/televisores/tv-led-39/nvr-8075-39hd2s-sma-n/,https://nevir.es/wp-content/uploads/2021/07/8075-39frontal-600x391.png,nevir.es
NVR-8075-39HD2S-SMA-N,Nevir,Tv Led 3939 ,Televisores ,http://nevir.imagar.com/wp-content/uploads/2021/07/8070-43manual.pdf,Manual de instrucciones,8427155023456,https://nevir.es/productos/televisores/tv-led-39/nvr-8075-39hd2s-sma-n/,https://nevir.es/wp-content/uploads/2021/07/8075-39frontal-600x391.png,nevir.es
NVR-8075-39HD2S-SMA-N,Nevir,Tv Led 3939 ,Televisores ,http://nevir.imagar.com/wp-content/uploads/2021/07/8075-39label.pdf,Etiqueta Energética,8427155023456,https://nevir.es/productos/televisores/tv-led-39/nvr-8075-39hd2s-sma-n/,https://nevir.es/wp-content/uploads/2021/07/8075-39frontal-600x391.png,nevir.es
NVR-KM9PRO-ATVB,Nevir,Smart Box Tv ,Imagen ,http://nevir.imagar.com/wp-content/uploads/2021/07/KM9PROmanual.pdf,Manual de Instrucciones,8427155015345,https://nevir.es/productos/imagen/smart-box-tv/km9pro/,https://nevir.es/wp-content/uploads/2021/07/KM9PRO-ATVB_montaje-600x404.png,nevir.es
NVR-KM9PRO-ATVB,Nevir,Smart Box Tv ,Imagen ,http://nevir.imagar.com/wp-content/uploads/2021/07/KM9PRO.pdf,Ficha,8427155015345,https://nevir.es/productos/imagen/smart-box-tv/km9pro/,https://nevir.es/wp-content/uploads/2021/07/KM9PRO-ATVB_montaje-600x404.png,nevir.es
NVR-KM9PRO-ATVB,Nevir,Smart Box Tv ,Imagen ,https://nevir.es/wp-content/uploads/2021/07/manual-apps.pdf,Manual Instalación APKs,8427155015345,https://nevir.es/productos/imagen/smart-box-tv/km9pro/,https://nevir.es/wp-content/uploads/2021/07/KM9PRO-ATVB_montaje-600x404.png,nevir.es
NVR-2324 DVD-U,Nevir,Dvd Sobremesa ,Imagen ,http://nevir.imagar.com/wp-content/uploads/2021/07/2324conexiones.pdf,Conexiones,8427155502586,https://nevir.es/productos/imagen/dvd-sobremesa/nvr-2324-dvd-u/,https://nevir.es/wp-content/uploads/2021/07/2324-600x600.png,nevir.es
NVR-2324 DVD-U,Nevir,Dvd Sobremesa ,Imagen ,http://nevir.imagar.com/wp-content/uploads/2021/07/2324manual.pdf,Manual de Instrucciones,8427155502586,https://nevir.es/productos/imagen/dvd-sobremesa/nvr-2324-dvd-u/,https://nevir.es/wp-content/uploads/2021/07/2324-600x600.png,nevir.es
NVR-2324 DVD-U,Nevir,Dvd Sobremesa ,Imagen ,http://nevir.imagar.com/wp-content/uploads/2021/07/2331-2324.pdf,Ficha,8427155502586,https://nevir.es/productos/imagen/dvd-sobremesa/nvr-2324-dvd-u/,https://nevir.es/wp-content/uploads/2021/07/2324-600x600.png,nevir.es
NVR-7302-TDT10P2,Nevir,Tv Portatil 77 A 1010 ,Televisores ,http://nevir.imagar.com/wp-content/uploads/2021/07/7302-10manual.pdf,Manual de Instrucciones,8427155022732,https://nevir.es/productos/televisores/tv-portatil-7-a-10/nvr-7302-tdt10p2-2/,https://nevir.es/wp-content/uploads/2021/07/7302-10frontal-600x456.png,nevir.es
NVR-7710-32RD2-N,Nevir,Tv Led 3232 ,Televisores ,http://nevir.imagar.com/wp-content/uploads/2021/09/7710-32.pdf,Ficha,8427155023500,https://nevir.es/productos/televisores/tv-led-32/nvr-7710-32rd2-n/,https://nevir.es/wp-content/uploads/2021/09/7710-32frontal-e1632818059586-600x415.png,nevir.es
NVR-7710-32RD2-N,Nevir,Tv Led 3232 ,Televisores ,https://nevir.imagar.com/wp-content/uploads/simple-file-list/Manuales/7710-32manual.pdf,Manual de instrucciones,8427155023500,https://nevir.es/productos/televisores/tv-led-32/nvr-7710-32rd2-n/,https://nevir.es/wp-content/uploads/2021/09/7710-32frontal-e1632818059586-600x415.png,nevir.es
NVR-843SBBU,Nevir,Barras De Sonido ,Sonido ,https://nevir.es/wp-content/uploads/simple-file-list/Manuales/843manual.pdf,Manual de Instrucciones,8427155012412,https://nevir.es/productos/sonido/barras-de-sonido/nvr-843sbbu/,https://nevir.es/wp-content/uploads/2021/10/843frontal-600x600.png,nevir.es
NVR-2331 DVD-HU,Nevir,Dvd Sobremesa ,Imagen ,http://nevir.imagar.com/wp-content/uploads/2021/07/2331conexiones.pdf,Conexiones,8427155502708,https://nevir.es/productos/imagen/dvd-sobremesa/nvr-2331-dvd-hu/,https://nevir.es/wp-content/uploads/2021/07/2331-600x600.png,nevir.es
NVR-2331 DVD-HU,Nevir,Dvd Sobremesa ,Imagen ,http://nevir.imagar.com/wp-content/uploads/2021/07/2355manual.pdf,Manual de Instrucciones,8427155502708,https://nevir.es/productos/imagen/dvd-sobremesa/nvr-2331-dvd-hu/,https://nevir.es/wp-content/uploads/2021/07/2331-600x600.png,nevir.es
NVR-2331 DVD-HU,Nevir,Dvd Sobremesa ,Imagen ,http://nevir.imagar.com/wp-content/uploads/2021/07/2331-2324.pdf,Ficha,8427155502708,https://nevir.es/productos/imagen/dvd-sobremesa/nvr-2331-dvd-hu/,https://nevir.es/wp-content/uploads/2021/07/2331-600x600.png,nevir.es
NVR-7712-32RD2S-N,Nevir,Tv Led 3232 ,Televisores ,http://nevir.imagar.com/wp-content/uploads/2021/07/7712-32.pdf,Ficha,8427155023494,https://nevir.es/productos/televisores/tv-led-32/nvr-7712-32rd2s-n/,https://nevir.es/wp-content/uploads/2021/07/7712-32frontal-600x391.png,nevir.es
NVR-7712-32RD2S-N,Nevir,Tv Led 3232 ,Televisores ,http://nevir.imagar.com/wp-content/uploads/2021/07/7712-32manual.pdf,Manual de instrucciones,8427155023494,https://nevir.es/productos/televisores/tv-led-32/nvr-7712-32rd2s-n/,https://nevir.es/wp-content/uploads/2021/07/7712-32frontal-600x391.png,nevir.es
NVR-9823T,Nevir,Tostadores ,Cocina ,http://nevir.imagar.com/wp-content/uploads/2021/08/9823manual.pdf,Manual de Instrucciones,8427155904465,https://nevir.es/productos/pae/cocina/tostadores/nvr-9823t/,https://nevir.es/wp-content/uploads/2021/08/9823-600x600.png,nevir.es
NVR-2355 DVD-T2HDU,Nevir,Dvd Sobremesa ,Imagen ,http://nevir.imagar.com/wp-content/uploads/2021/07/2355manual.pdf,Manual de Instrucciones,8427155502623,https://nevir.es/productos/imagen/dvd-sobremesa/nvr-2355-dvd-t2hdu/,https://nevir.es/wp-content/uploads/2021/07/2355-600x600.png,nevir.es
NVR-2355 DVD-T2HDU,Nevir,Dvd Sobremesa ,Imagen ,http://nevir.imagar.com/wp-content/uploads/2021/07/2356-5.pdf,Ficha,8427155502623,https://nevir.es/productos/imagen/dvd-sobremesa/nvr-2355-dvd-t2hdu/,https://nevir.es/wp-content/uploads/2021/07/2355-600x600.png,nevir.es
NVR-844SBBU,Nevir,Barras De Sonido ,Sonido ,https://nevir.es/wp-content/uploads/simple-file-list/Manuales/844manual.pdf,Manual de Instrucciones,8427155012429,https://nevir.es/productos/sonido/barras-de-sonido/nvr-844sbbu/,https://nevir.es/wp-content/uploads/2021/10/844all-600x600.png,nevir.es
NVR-9484SM,Nevir,Sandwicheras ,Cocina ,http://nevir.imagar.com/wp-content/uploads/2021/08/9484manual.pdf,Manual de Instrucciones,8427155904816,https://nevir.es/productos/pae/cocina/sandwicheras/nvr-9484sm/,https://nevir.es/wp-content/uploads/2021/08/9484SMall-600x600.png,nevir.es
NVR-9484SM,Nevir,Sandwicheras ,Cocina ,http://nevir.imagar.com/wp-content/uploads/2021/08/9484SM.pdf,Ficha,8427155904816,https://nevir.es/productos/pae/cocina/sandwicheras/nvr-9484sm/,https://nevir.es/wp-content/uploads/2021/08/9484SMall-600x600.png,nevir.es
NVR-9813T,Nevir,Tostadores ,Cocina ,http://nevir.imagar.com/wp-content/uploads/2021/08/9813Tmanual.pdf,Manual de Instrucciones,8427155904687,https://nevir.es/productos/pae/cocina/tostadores/nvr-9813t/,https://nevir.es/wp-content/uploads/2021/08/9813Tcomida-600x600.png,nevir.es
NVR-9813T,Nevir,Tostadores ,Cocina ,http://nevir.imagar.com/wp-content/uploads/2021/08/9813T.pdf,Ficha,8427155904687,https://nevir.es/productos/pae/cocina/tostadores/nvr-9813t/,https://nevir.es/wp-content/uploads/2021/08/9813Tcomida-600x600.png,nevir.es
NVR-845SBBU,Nevir,Barras De Sonido ,Sonido ,https://nevir.es/wp-content/uploads/simple-file-list/Manuales/845manual.pdf,Manual de Instrucciones,8427155012436,https://nevir.es/productos/sonido/barras-de-sonido/nvr-845sbbu/,https://nevir.es/wp-content/uploads/2021/10/845frontal-600x600.png,nevir.es
NVR-845SBBU,Nevir,Barras De Sonido ,Sonido ,https://nevir.es/wp-content/uploads/2021/10/845.pdf,Ficha,8427155012436,https://nevir.es/productos/sonido/barras-de-sonido/nvr-845sbbu/,https://nevir.es/wp-content/uploads/2021/10/845frontal-600x600.png,nevir.es
NVR-9824T,Nevir,Tostadores ,Cocina ,http://nevir.imagar.com/wp-content/uploads/2021/08/9824manual.pdf,Manual de Instrucciones,8427155904496,https://nevir.es/productos/pae/cocina/tostadores/nvr-9824t/,https://nevir.es/wp-content/uploads/2021/08/9824-600x600.png,nevir.es
NVR-9824T,Nevir,Tostadores ,Cocina ,http://nevir.imagar.com/wp-content/uploads/2021/08/9824T.pdf,Ficha,8427155904496,https://nevir.es/productos/pae/cocina/tostadores/nvr-9824t/,https://nevir.es/wp-content/uploads/2021/08/9824-600x600.png,nevir.es
NVR-9814T,Nevir,Tostadores ,Cocina ,http://nevir.imagar.com/wp-content/uploads/2021/08/9814manual.pdf,Manual de Instrucciones,8427155904205,https://nevir.es/productos/pae/cocina/tostadores/nvr-9814t/,https://nevir.es/wp-content/uploads/2021/08/9814-600x600.png,nevir.es
NVR-9814T,Nevir,Tostadores ,Cocina ,http://nevir.imagar.com/wp-content/uploads/2021/08/9814.pdf,Ficha,8427155904205,https://nevir.es/productos/pae/cocina/tostadores/nvr-9814t/,https://nevir.es/wp-content/uploads/2021/08/9814-600x600.png,nevir.es
NVR-2596TDT2P,Nevir,Sintonizadores Tdt ,Imagen ,http://nevir.imagar.com/wp-content/uploads/2021/07/2596manual.pdf,Manual de Instrucciones,84271555015307,https://nevir.es/productos/imagen/sintonizadores-tdt/nvr-2596tdt2p/,https://nevir.es/wp-content/uploads/2021/07/2596-N-600x600.png,nevir.es
NVR-2596TDT2P,Nevir,Sintonizadores Tdt ,Imagen ,http://nevir.imagar.com/wp-content/uploads/2021/07/2596.pdf,Ficha,84271555015307,https://nevir.es/productos/imagen/sintonizadores-tdt/nvr-2596tdt2p/,https://nevir.es/wp-content/uploads/2021/07/2596-N-600x600.png,nevir.es
NVR-480UB Blanco,Nevir,Radio Cd ,Sonido ,http://nevir.imagar.com/wp-content/uploads/2021/08/480manual.pdf,Manual de Instrucciones, 842715512491,https://nevir.es/productos/sonido/radio-cd/nvr-480ub-blanco/,https://nevir.es/wp-content/uploads/2021/08/480-white-600x600.png,nevir.es
NVR-480UB Blanco,Nevir,Radio Cd ,Sonido ,http://nevir.imagar.com/wp-content/uploads/2021/08/480.pdf,Ficha, 842715512491,https://nevir.es/productos/sonido/radio-cd/nvr-480ub-blanco/,https://nevir.es/wp-content/uploads/2021/08/480-white-600x600.png,nevir.es
NVR-480UB Azul,Nevir,Radio Cd ,Sonido ,http://nevir.imagar.com/wp-content/uploads/2021/08/480manual.pdf,Manual de Instrucciones, 842715512484,https://nevir.es/productos/sonido/radio-cd/nvr-480ub-azul/,https://nevir.es/wp-content/uploads/2021/08/480-blue-600x600.png,nevir.es
NVR-480UB Azul,Nevir,Radio Cd ,Sonido ,http://nevir.imagar.com/wp-content/uploads/2021/08/480.pdf,Ficha, 842715512484,https://nevir.es/productos/sonido/radio-cd/nvr-480ub-azul/,https://nevir.es/wp-content/uploads/2021/08/480-blue-600x600.png,nevir.es
NVR-482UCM Azul,Nevir,Radio Cd ,Sonido ,http://nevir.imagar.com/wp-content/uploads/2021/08/482manual.pdf,Manual de Instrucciones, 842715511996,https://nevir.es/productos/sonido/radio-cd/nvr-482ucm-azul/,https://nevir.es/wp-content/uploads/2021/08/482-azul-600x600.png,nevir.es
NVR-482UCM Azul,Nevir,Radio Cd ,Sonido ,http://nevir.imagar.com/wp-content/uploads/2021/08/482.pdf,Ficha, 842715511996,https://nevir.es/productos/sonido/radio-cd/nvr-482ucm-azul/,https://nevir.es/wp-content/uploads/2021/08/482-azul-600x600.png,nevir.es
NVR-482UCM PLATA,Nevir,Radio Cd ,Sonido ,http://nevir.imagar.com/wp-content/uploads/2021/08/482manual.pdf,Manual de Instrucciones, 842715511972,https://nevir.es/productos/sonido/radio-cd/nvr-482ucm-plata/,https://nevir.es/wp-content/uploads/2021/08/482plata-600x600.png,nevir.es
NVR-482UCM PLATA,Nevir,Radio Cd ,Sonido ,http://nevir.imagar.com/wp-content/uploads/2021/08/482.pdf,Ficha, 842715511972,https://nevir.es/productos/sonido/radio-cd/nvr-482ucm-plata/,https://nevir.es/wp-content/uploads/2021/08/482plata-600x600.png,nevir.es
NVR-482UCM Rojo,Nevir,Radio Cd ,Sonido ,http://nevir.imagar.com/wp-content/uploads/2021/08/482manual.pdf,Manual de Instrucciones, 842715511989,https://nevir.es/productos/sonido/radio-cd/nvr-482ucm-rojo/,https://nevir.es/wp-content/uploads/2021/08/482-rojo-600x602.png,nevir.es
NVR-482UCM Rojo,Nevir,Radio Cd ,Sonido ,http://nevir.imagar.com/wp-content/uploads/2021/08/482.pdf,Ficha, 842715511989,https://nevir.es/productos/sonido/radio-cd/nvr-482ucm-rojo/,https://nevir.es/wp-content/uploads/2021/08/482-rojo-600x602.png,nevir.es
NVR-699MCDU,Nevir,Microcadenas ,Sonido ,http://nevir.imagar.com/wp-content/uploads/2021/07/699conexiones.pdf,Conexiones,8427155011606,https://nevir.es/productos/sonido/microcadenas/nvr-699mcdu/,https://nevir.es/wp-content/uploads/2021/07/699MCDU-600x600.png,nevir.es
NVR-699MCDU,Nevir,Microcadenas ,Sonido ,http://nevir.imagar.com/wp-content/uploads/2021/07/699manual.pdf,Manual de Instrucciones,8427155011606,https://nevir.es/productos/sonido/microcadenas/nvr-699mcdu/,https://nevir.es/wp-content/uploads/2021/07/699MCDU-600x600.png,nevir.es
NVR-699MCDU,Nevir,Microcadenas ,Sonido ,http://nevir.imagar.com/wp-content/uploads/2021/07/699.pdf,Ficha,8427155011606,https://nevir.es/productos/sonido/microcadenas/nvr-699mcdu/,https://nevir.es/wp-content/uploads/2021/07/699MCDU-600x600.png,nevir.es
NVR-804VBUE,Nevir,Tocadiscos ,Sonido ,http://nevir.imagar.com/wp-content/uploads/2021/07/804manual.pdf,Manual de Instrucciones, 842715512139,https://nevir.es/productos/sonido/tocadiscos/nvr-804vbue/,https://nevir.es/wp-content/uploads/2021/07/804montaje-600x600.png,nevir.es
NVR-804VBUE,Nevir,Tocadiscos ,Sonido ,http://nevir.imagar.com/wp-content/uploads/2021/07/804.pdf,Ficha, 842715512139,https://nevir.es/productos/sonido/tocadiscos/nvr-804vbue/,https://nevir.es/wp-content/uploads/2021/07/804montaje-600x600.png,nevir.es
NVR-805VBU,Nevir,Tocadiscos ,Sonido ,http://nevir.imagar.com/wp-content/uploads/2021/07/805manual.pdf,Manual de Instrucciones,842715512146,https://nevir.es/productos/sonido/tocadiscos/nvr-805vbu/,https://nevir.es/wp-content/uploads/2021/07/805VBUopen-600x600.png,nevir.es
NVR-805VBU,Nevir,Tocadiscos ,Sonido ,http://nevir.imagar.com/wp-content/uploads/2021/07/805.pdf,Ficha,842715512146,https://nevir.es/productos/sonido/tocadiscos/nvr-805vbu/,https://nevir.es/wp-content/uploads/2021/07/805VBUopen-600x600.png,nevir.es
NVR-808VBUCS,Nevir,Tocadiscos ,Sonido ,http://nevir.imagar.com/wp-content/uploads/2021/07/808manual.pdf,Manual de Instrucciones,842715512177,https://nevir.es/productos/sonido/tocadiscos/nvr-808vbucs/,https://nevir.es/wp-content/uploads/2021/07/808VBUCS-600x600.png,nevir.es
NVR-808VBUCS,Nevir,Tocadiscos ,Sonido ,http://nevir.imagar.com/wp-content/uploads/2021/07/808.pdf,Ficha,842715512177,https://nevir.es/productos/sonido/tocadiscos/nvr-808vbucs/,https://nevir.es/wp-content/uploads/2021/07/808VBUCS-600x600.png,nevir.es
NVR-2790DVD-PCU,Nevir,Dvd Portatiles ,Imagen ,http://nevir.imagar.com/wp-content/uploads/2021/07/2790manual.pdf,Manual de Instrucciones,8427155502807,https://nevir.es/productos/imagen/dvd-portatiles/nvr-2790dvd-pcu/,https://nevir.es/wp-content/uploads/2021/07/2790-600x600.png,nevir.es
NVR-2790DVD-PCU,Nevir,Dvd Portatiles ,Imagen ,http://nevir.imagar.com/wp-content/uploads/2021/07/2790.pdf,Ficha,8427155502807,https://nevir.es/productos/imagen/dvd-portatiles/nvr-2790dvd-pcu/,https://nevir.es/wp-content/uploads/2021/07/2790-600x600.png,nevir.es
NVR-812VCDMUC,Nevir,Tocadiscos ,Sonido ,http://nevir.imagar.com/wp-content/uploads/2021/07/812manual.pdf,Manual de Instrucciones,842715512375,https://nevir.es/productos/sonido/tocadiscos/nvr-812vcdmuc/,https://nevir.es/wp-content/uploads/2021/07/812negro-600x600.png,nevir.es
NVR-812VCDMUC,Nevir,Tocadiscos ,Sonido ,http://nevir.imagar.com/wp-content/uploads/2021/07/812.pdf,Ficha,842715512375,https://nevir.es/productos/sonido/tocadiscos/nvr-812vcdmuc/,https://nevir.es/wp-content/uploads/2021/07/812negro-600x600.png,nevir.es
NVR-482UCM NEGRO/PLATA,Nevir,Radio Cd ,Sonido ,http://nevir.imagar.com/wp-content/uploads/2021/08/482manual.pdf,Manual de Instrucciones, 842715511965,https://nevir.es/productos/sonido/radio-cd/nvr-482ucm-negro-plata/,https://nevir.es/wp-content/uploads/2021/08/482negro-plata-600x600.png,nevir.es
NVR-482UCM NEGRO/PLATA,Nevir,Radio Cd ,Sonido ,http://nevir.imagar.com/wp-content/uploads/2021/08/482.pdf,Ficha, 842715511965,https://nevir.es/productos/sonido/radio-cd/nvr-482ucm-negro-plata/,https://nevir.es/wp-content/uploads/2021/08/482negro-plata-600x600.png,nevir.es
NVR-482UCM NEGRO,Nevir,Radio Cd ,Sonido ,http://nevir.imagar.com/wp-content/uploads/2021/08/482manual.pdf,Manual de Instrucciones, 842715512405,https://nevir.es/productos/sonido/radio-cd/nvr-482ucm-negro/,https://nevir.es/wp-content/uploads/2021/08/482fblack-600x600.png,nevir.es
NVR-482UCM NEGRO,Nevir,Radio Cd ,Sonido ,http://nevir.imagar.com/wp-content/uploads/2021/08/482.pdf,Ficha, 842715512405,https://nevir.es/productos/sonido/radio-cd/nvr-482ucm-negro/,https://nevir.es/wp-content/uploads/2021/08/482fblack-600x600.png,nevir.es
NVR-812VCDMUC PLATA,Nevir,Tocadiscos ,Sonido ,http://nevir.imagar.com/wp-content/uploads/2021/07/812manual.pdf,Manual de Instrucciones,842715512382,https://nevir.es/productos/sonido/tocadiscos/nvr-812vcdmuc-plata/,https://nevir.es/wp-content/uploads/2021/07/812plata-600x600.png,nevir.es
NVR-812VCDMUC PLATA,Nevir,Tocadiscos ,Sonido ,http://nevir.imagar.com/wp-content/uploads/2021/07/812.pdf,Ficha,842715512382,https://nevir.es/productos/sonido/tocadiscos/nvr-812vcdmuc-plata/,https://nevir.es/wp-content/uploads/2021/07/812plata-600x600.png,nevir.es
NVR-2767DVD-PUCT2,Nevir,Dvd Portatiles ,Imagen ,http://nevir.imagar.com/wp-content/uploads/2021/07/2766manual.pdf,Manual de Instrucciones,8427155502722,https://nevir.es/productos/imagen/dvd-portatiles/nvr-2767dvd-puct2/,https://nevir.es/wp-content/uploads/2021/07/2767all-600x600.png,nevir.es
NVR-2767DVD-PUCT2,Nevir,Dvd Portatiles ,Imagen ,http://nevir.imagar.com/wp-content/uploads/2021/07/2767.pdf,Ficha,8427155502722,https://nevir.es/productos/imagen/dvd-portatiles/nvr-2767dvd-puct2/,https://nevir.es/wp-content/uploads/2021/07/2767all-600x600.png,nevir.es
NVR-811VMUC,Nevir,Tocadiscos ,Sonido ,http://nevir.imagar.com/wp-content/uploads/2021/07/811manual.pdf,Manual de Instrucciones,842715512399,https://nevir.es/productos/sonido/tocadiscos/nvr-811vmuc/,https://nevir.es/wp-content/uploads/2021/07/811abierto-600x600.png,nevir.es
NVR-811VMUC,Nevir,Tocadiscos ,Sonido ,http://nevir.imagar.com/wp-content/uploads/2021/07/811.pdf,Ficha,842715512399,https://nevir.es/productos/sonido/tocadiscos/nvr-811vmuc/,https://nevir.es/wp-content/uploads/2021/07/811abierto-600x600.png,nevir.es
NVR-2781DVD-PCU,Nevir,Dvd Portatiles ,Imagen ,http://nevir.imagar.com/wp-content/uploads/2021/07/2781manual.pdf,Manual de Instrucciones,8427155502739,https://nevir.es/productos/imagen/dvd-portatiles/nvr-2781dvd-pcu/,https://nevir.es/wp-content/uploads/2021/07/2781all-600x600.png,nevir.es
NVR-2781DVD-PCU,Nevir,Dvd Portatiles ,Imagen ,http://nevir.imagar.com/wp-content/uploads/2021/07/2781.pdf,Ficha,8427155502739,https://nevir.es/productos/imagen/dvd-portatiles/nvr-2781dvd-pcu/,https://nevir.es/wp-content/uploads/2021/07/2781all-600x600.png,nevir.es
NVR-806VRBUC,Nevir,Tocadiscos ,Sonido ,http://nevir.imagar.com/wp-content/uploads/2021/07/806manual.pdf,Manual de Instrucciones,842715512153,https://nevir.es/productos/sonido/tocadiscos/nvr-806vrbuc/,https://nevir.es/wp-content/uploads/2021/07/806abierto-600x600.png,nevir.es
NVR-806VRBUC,Nevir,Tocadiscos ,Sonido ,http://nevir.imagar.com/wp-content/uploads/2021/07/806.pdf,Ficha,842715512153,https://nevir.es/productos/sonido/tocadiscos/nvr-806vrbuc/,https://nevir.es/wp-content/uploads/2021/07/806abierto-600x600.png,nevir.es
NVR-2772DVD-PDCU,Nevir,Dvd Portatiles ,Imagen ,http://nevir.imagar.com/wp-content/uploads/2021/07/2772manual.pdf,Manual de Instrucciones,8427155502784,https://nevir.es/productos/imagen/dvd-portatiles/nvr-2772dvd-pdcu/,https://nevir.es/wp-content/uploads/2021/07/2772all-600x600.png,nevir.es
NVR-2772DVD-PDCU,Nevir,Dvd Portatiles ,Imagen ,http://nevir.imagar.com/wp-content/uploads/2021/07/2772.pdf,Ficha,8427155502784,https://nevir.es/productos/imagen/dvd-portatiles/nvr-2772dvd-pdcu/,https://nevir.es/wp-content/uploads/2021/07/2772all-600x600.png,nevir.es
NVR-2356 DVD-T2HDU,Nevir,Dvd Sobremesa ,Imagen ,http://nevir.imagar.com/wp-content/uploads/2021/07/2356manual.pdf,Manual de Instrucciones,8427155502630,https://nevir.es/productos/imagen/dvd-sobremesa/nvr-2356-dvd/,https://nevir.es/wp-content/uploads/2021/07/2356-600x600.png,nevir.es
NVR-2356 DVD-T2HDU,Nevir,Dvd Sobremesa ,Imagen ,http://nevir.imagar.com/wp-content/uploads/2021/07/2356-5.pdf,Ficha,8427155502630,https://nevir.es/productos/imagen/dvd-sobremesa/nvr-2356-dvd/,https://nevir.es/wp-content/uploads/2021/07/2356-600x600.png,nevir.es
NVR-2791DVD-PCU,Nevir,Dvd Portatiles ,Imagen ,http://nevir.imagar.com/wp-content/uploads/2021/07/2778manual.pdf,Manual de Instrucciones,8427155502814,https://nevir.es/productos/imagen/dvd-portatiles/nvr-2791dvd-pcu/,https://nevir.es/wp-content/uploads/2021/07/2791-600x600.png,nevir.es
NVR-2791DVD-PCU,Nevir,Dvd Portatiles ,Imagen ,http://nevir.imagar.com/wp-content/uploads/2021/07/2791.pdf,Ficha,8427155502814,https://nevir.es/productos/imagen/dvd-portatiles/nvr-2791dvd-pcu/,https://nevir.es/wp-content/uploads/2021/07/2791-600x600.png,nevir.es
NVR-2778DVD-PDCU,Nevir,Dvd Portatiles ,Imagen ,http://nevir.imagar.com/wp-content/uploads/2021/07/2778manual.pdf,Manual de Instrucciones,8427155502821,https://nevir.es/productos/imagen/dvd-portatiles/nvr-2778dvd-pdcu/,https://nevir.es/wp-content/uploads/2021/07/2778all-600x518.png,nevir.es
NVR-2778DVD-PDCU,Nevir,Dvd Portatiles ,Imagen ,http://nevir.imagar.com/wp-content/uploads/2021/07/2778.pdf,Ficha,8427155502821,https://nevir.es/productos/imagen/dvd-portatiles/nvr-2778dvd-pdcu/,https://nevir.es/wp-content/uploads/2021/07/2778all-600x518.png,nevir.es
NVR-2776DVD-PDCU,Nevir,Dvd Portatiles ,Imagen ,http://nevir.imagar.com/wp-content/uploads/2021/07/2776manual.pdf,Manual de Instrucciones,8427155502753,https://nevir.es/productos/imagen/dvd-portatiles/nvr-2776dvd-pdcu/,https://nevir.es/wp-content/uploads/2021/07/2776all-600x591.png,nevir.es
NVR-2776DVD-PDCU,Nevir,Dvd Portatiles ,Imagen ,http://nevir.imagar.com/wp-content/uploads/2021/07/2776.pdf,Ficha,8427155502753,https://nevir.es/productos/imagen/dvd-portatiles/nvr-2776dvd-pdcu/,https://nevir.es/wp-content/uploads/2021/07/2776all-600x591.png,nevir.es
NVR-8075-32RD2S-SMA-N,Nevir,Tv Led 3232 ,Televisores ,http://nevir.imagar.com/wp-content/uploads/2021/03/8075-32manual.pdf,Manual de instrucciones,8427155023418,https://nevir.es/productos/televisores/tv-led-32/nvr-8075-32rd2s-sma-n/,https://nevir.es/wp-content/uploads/2021/07/8075-32RD2S-SMA-N_frontal-600x391.png,nevir.es
NVR-8075-32RD2S-SMA-N,Nevir,Tv Led 3232 ,Televisores ,http://nevir.imagar.com/wp-content/uploads/2021/03/8075-32.pdf,Ficha,8427155023418,https://nevir.es/productos/televisores/tv-led-32/nvr-8075-32rd2s-sma-n/,https://nevir.es/wp-content/uploads/2021/07/8075-32RD2S-SMA-N_frontal-600x391.png,nevir.es
NVR-8075-554K2S-SMA-N,Nevir,Tv Led 5555 ,Televisores ,http://nevir.imagar.com/wp-content/uploads/2021/07/8075-55-2.pdf,Ficha,8427155023425,https://nevir.es/productos/televisores/tv-led-55/nvr-8075-554k2s-sma-n/,https://nevir.es/wp-content/uploads/2021/07/8076-55frontal-600x374.png,nevir.es
NVR-8075-554K2S-SMA-N,Nevir,Tv Led 5555 ,Televisores ,http://nevir.imagar.com/wp-content/uploads/2021/07/8075-55manual.pdf,Manual de instrucciones,8427155023425,https://nevir.es/productos/televisores/tv-led-55/nvr-8075-554k2s-sma-n/,https://nevir.es/wp-content/uploads/2021/07/8076-55frontal-600x374.png,nevir.es
NVR-8075-554K2S-SMA-N,Nevir,Tv Led 5555 ,Televisores ,http://nevir.imagar.com/wp-content/uploads/2021/07/8075-55label.pdf,Etiqueta Energética,8427155023425,https://nevir.es/productos/televisores/tv-led-55/nvr-8075-554k2s-sma-n/,https://nevir.es/wp-content/uploads/2021/07/8076-55frontal-600x374.png,nevir.es
NVR-8076-554K2S-SMA-N,Nevir,Tv Led 5555 ,Televisores ,http://nevir.imagar.com/wp-content/uploads/2021/07/8076-55.pdf,Ficha,8427155023487,https://nevir.es/productos/televisores/tv-led-55/nvr-8076-554k2s-sma-n/,https://nevir.es/wp-content/uploads/2021/07/8076-55frontal-600x374.png,nevir.es
NVR-8076-554K2S-SMA-N,Nevir,Tv Led 5555 ,Televisores ,http://nevir.imagar.com/wp-content/uploads/2021/07/8076-55manual.pdf,Manual de instrucciones,8427155023487,https://nevir.es/productos/televisores/tv-led-55/nvr-8076-554k2s-sma-n/,https://nevir.es/wp-content/uploads/2021/07/8076-55frontal-600x374.png,nevir.es
NVR-8076-554K2S-SMA-N,Nevir,Tv Led 5555 ,Televisores ,http://nevir.imagar.com/wp-content/uploads/2021/07/8076-55label.pdf,Etiqueta Energética,8427155023487,https://nevir.es/productos/televisores/tv-led-55/nvr-8076-554k2s-sma-n/,https://nevir.es/wp-content/uploads/2021/07/8076-55frontal-600x374.png,nevir.es
NVR-2782DVD-PCU,Nevir,Dvd Portatiles ,Imagen ,http://nevir.imagar.com/wp-content/uploads/2021/07/2782manual.pdf,Manual de Instrucciones,8427155502777,https://nevir.es/productos/imagen/dvd-portatiles/nvr-2782dvd-pcu/,https://nevir.es/wp-content/uploads/2021/07/2782-600x600.png,nevir.es
NVR-2782DVD-PCU,Nevir,Dvd Portatiles ,Imagen ,http://nevir.imagar.com/wp-content/uploads/2021/07/2782.pdf,Ficha,8427155502777,https://nevir.es/productos/imagen/dvd-portatiles/nvr-2782dvd-pcu/,https://nevir.es/wp-content/uploads/2021/07/2782-600x600.png,nevir.es
NVR-2777DVD-PDCU,Nevir,Dvd Portatiles ,Imagen ,http://nevir.imagar.com/wp-content/uploads/2021/07/2777manual.pdf,Manual de Instrucciones,8427155502791,https://nevir.es/productos/imagen/dvd-portatiles/nvr-2777dvd-pdcu/,https://nevir.es/wp-content/uploads/2021/07/2777all-600x542.png,nevir.es
NVR-2777DVD-PDCU,Nevir,Dvd Portatiles ,Imagen ,http://nevir.imagar.com/wp-content/uploads/2021/07/2777.pdf,Ficha,8427155502791,https://nevir.es/productos/imagen/dvd-portatiles/nvr-2777dvd-pdcu/,https://nevir.es/wp-content/uploads/2021/07/2777all-600x542.png,nevir.es
NVR-7711-24RD2-N,Nevir,Tv Led 2828 A 1616 ,Televisores ,http://nevir.imagar.com/wp-content/uploads/2021/07/7711-24.pdf,Ficha,8427155023401,https://nevir.es/productos/televisores/tv-led-28-a-16/nvr-7711-24rd2-n/,https://nevir.es/wp-content/uploads/2021/07/7711-24frontal-600x417.jpg,nevir.es
NVR-7711-24RD2-N,Nevir,Tv Led 2828 A 1616 ,Televisores ,http://nevir.imagar.com/wp-content/uploads/2021/07/7711-24manual.pdf,Manual de Instrucciones,8427155023401,https://nevir.es/productos/televisores/tv-led-28-a-16/nvr-7711-24rd2-n/,https://nevir.es/wp-content/uploads/2021/07/7711-24frontal-600x417.jpg,nevir.es
NVR-7711-24RD2-N,Nevir,Tv Led 2828 A 1616 ,Televisores ,http://nevir.imagar.com/wp-content/uploads/2021/07/7711-24label.pdf,Etiqueta Energética,8427155023401,https://nevir.es/productos/televisores/tv-led-28-a-16/nvr-7711-24rd2-n/,https://nevir.es/wp-content/uploads/2021/07/7711-24frontal-600x417.jpg,nevir.es
NVR-7710-24RD2-SMA-N,Nevir,Tv Led 2828 A 1616 ,Televisores ,http://nevir.imagar.com/wp-content/uploads/2021/07/7710-24.pdf,Ficha,8427155023395,https://nevir.es/productos/televisores/tv-led-28-a-16/nvr-7711-24rd2-sma-n-copia/,https://nevir.es/wp-content/uploads/2021/07/7710-24frontal-600x417.jpg,nevir.es
NVR-7710-24RD2-SMA-N,Nevir,Tv Led 2828 A 1616 ,Televisores ,http://nevir.imagar.com/wp-content/uploads/2021/07/7710-24manual.pdf,Manual de Instrucciones,8427155023395,https://nevir.es/productos/televisores/tv-led-28-a-16/nvr-7711-24rd2-sma-n-copia/,https://nevir.es/wp-content/uploads/2021/07/7710-24frontal-600x417.jpg,nevir.es
NVR-7710-24RD2-SMA-N,Nevir,Tv Led 2828 A 1616 ,Televisores ,http://nevir.imagar.com/wp-content/uploads/2021/07/7710-24label.pdf,Etiqueta Energética,8427155023395,https://nevir.es/productos/televisores/tv-led-28-a-16/nvr-7711-24rd2-sma-n-copia/,https://nevir.es/wp-content/uploads/2021/07/7710-24frontal-600x417.jpg,nevir.es
NVR-8071-504K2S-SMA-N,Nevir,Tv Led 5050 ,Televisores ,http://nevir.imagar.com/wp-content/uploads/2021/07/8071-50.pdf,Ficha,8427155023470,https://nevir.es/productos/televisores/tv-led-50/nvr-8071-504k2s-sma-n/,https://nevir.es/wp-content/uploads/2021/07/8071-50frontal-600x379.jpg,nevir.es
NVR-8071-504K2S-SMA-N,Nevir,Tv Led 5050 ,Televisores ,http://nevir.imagar.com/wp-content/uploads/2021/07/8071-50manual.pdf,Manual de instrucciones,8427155023470,https://nevir.es/productos/televisores/tv-led-50/nvr-8071-504k2s-sma-n/,https://nevir.es/wp-content/uploads/2021/07/8071-50frontal-600x379.jpg,nevir.es
NVR-8071-504K2S-SMA-N,Nevir,Tv Led 5050 ,Televisores ,http://nevir.imagar.com/wp-content/uploads/2021/07/8071-50label.pdf,Etiqueta Energética,8427155023470,https://nevir.es/productos/televisores/tv-led-50/nvr-8071-504k2s-sma-n/,https://nevir.es/wp-content/uploads/2021/07/8071-50frontal-600x379.jpg,nevir.es
NVR-8071-504K2S-SMA-N,Nevir,Tv Led 5050 ,Televisores ,https://nevir.es/wp-content/uploads/2021/10/USO-MOUSE-TV.pdf,USO MOUSE TV,8427155023470,https://nevir.es/productos/televisores/tv-led-50/nvr-8071-504k2s-sma-n/,https://nevir.es/wp-content/uploads/2021/07/8071-50frontal-600x379.jpg,nevir.es
NVR-8070-24RD2S-SMA-N,Nevir,Tv Led 2828 A 1616 ,Televisores ,http://nevir.imagar.com/wp-content/uploads/2021/03/8075-32.pdf,Ficha,8427155023388,https://nevir.es/productos/televisores/tv-led-28-a-16/nvr-8070-24rd2s-sma-n/,https://nevir.es/wp-content/uploads/2021/07/8070-24frontal-scaled-600x417.jpg,nevir.es
NVR-8070-24RD2S-SMA-N,Nevir,Tv Led 2828 A 1616 ,Televisores ,http://nevir.imagar.com/wp-content/uploads/2021/07/8070-24manual.pdf,Manual de Instrucciones,8427155023388,https://nevir.es/productos/televisores/tv-led-28-a-16/nvr-8070-24rd2s-sma-n/,https://nevir.es/wp-content/uploads/2021/07/8070-24frontal-scaled-600x417.jpg,nevir.es
NVR-8070-24RD2S-SMA-N,Nevir,Tv Led 2828 A 1616 ,Televisores ,http://nevir.imagar.com/wp-content/uploads/2021/07/8070-24label.pdf,Etiqueta Energética,8427155023388,https://nevir.es/productos/televisores/tv-led-28-a-16/nvr-8070-24rd2s-sma-n/,https://nevir.es/wp-content/uploads/2021/07/8070-24frontal-scaled-600x417.jpg,nevir.es
NVR-8070-24RD2S-SMA-N,Nevir,Tv Led 2828 A 1616 ,Televisores ,https://nevir.es/wp-content/uploads/2021/10/USO-MOUSE-TV.pdf,USO MOUSE TV,8427155023388,https://nevir.es/productos/televisores/tv-led-28-a-16/nvr-8070-24rd2s-sma-n/,https://nevir.es/wp-content/uploads/2021/07/8070-24frontal-scaled-600x417.jpg,nevir.es
NVR-1106CG,Nevir,Cafeteras ,Cocina ,http://nevir.imagar.com/wp-content/uploads/2021/08/1106manual.pdf,Manual de Instrucciones,8427155902324,https://nevir.es/productos/pae/cocina/cafeteras/nvr-1106cg/,https://nevir.es/wp-content/uploads/2021/08/1106-1-600x600.png,nevir.es
NVR-VP40R-B,Nevir,Ventilacion ,Climatizacion ,https://nevir.es/wp-content/uploads/simple-file-list/Manuales/VP40Rmanual.pdf,Manual de Instrucciones,8427155904632,https://nevir.es/productos/climatizacion/ventilacion/nvr-vp40r-b/,https://nevir.es/wp-content/uploads/2021/10/VPR40-B-600x600.png,nevir.es
NVR-VP40R-B,Nevir,Ventilacion ,Climatizacion ,https://nevir.es/wp-content/uploads/2021/10/VP40R-BT-B-BG.pdf,Ficha,8427155904632,https://nevir.es/productos/climatizacion/ventilacion/nvr-vp40r-b/,https://nevir.es/wp-content/uploads/2021/10/VPR40-B-600x600.png,nevir.es
NVR-7707-39RD2S-N,Nevir,Tv ,Descatalogados ,http://nevir.imagar.com/wp-content/uploads/2021/03/7707-39manual.pdf,Manual de instrucciones,8427155023210,https://nevir.es/productos/descatalogados/tv/nvr-8060-32rd2s-sma-n/,https://nevir.es/wp-content/uploads/2021/03/7707-39frontal-scaled-600x382.jpg,nevir.es
NVR-7707-39RD2S-N,Nevir,Tv ,Descatalogados ,http://nevir.imagar.com/wp-content/uploads/2021/03/7707-39.pdf,Ficha,8427155023210,https://nevir.es/productos/descatalogados/tv/nvr-8060-32rd2s-sma-n/,https://nevir.es/wp-content/uploads/2021/03/7707-39frontal-scaled-600x382.jpg,nevir.es
NVR-4550-IN 8K 1400B,Nevir,Lavadoras ,Gama Blanca ,http://nevir.imagar.com/wp-content/uploads/2021/08/4550manual.pdf,Manual de Instrucciones,8427155800989,https://nevir.es/productos/gama-blanca/lavadoras/nvr-4550-in-8k-1400b/,https://nevir.es/wp-content/uploads/2021/08/4550-10inverter-600x600.png,nevir.es
NVR-4550-IN 8K 1400B,Nevir,Lavadoras ,Gama Blanca ,http://nevir.imagar.com/wp-content/uploads/2021/08/4550-inverter.pdf,Ficha,8427155800989,https://nevir.es/productos/gama-blanca/lavadoras/nvr-4550-in-8k-1400b/,https://nevir.es/wp-content/uploads/2021/08/4550-10inverter-600x600.png,nevir.es
NVR-9509FH,Nevir,Calefaccion ,Climatizacion ,https://nevir.imagar.com/wp-content/uploads/simple-file-list/Manuales/9509manual.pdf,Manual de Instrucciones,8427155810094,https://nevir.es/productos/climatizacion/calefaccion/nvr-9509fh/,https://nevir.es/wp-content/uploads/2021/09/9509FH-600x600.png,nevir.es
NVR-9509FH,Nevir,Calefaccion ,Climatizacion ,http://nevir.imagar.com/wp-content/uploads/2021/09/9510-09.pdf,Ficha,8427155810094,https://nevir.es/productos/climatizacion/calefaccion/nvr-9509fh/,https://nevir.es/wp-content/uploads/2021/09/9509FH-600x600.png,nevir.es
NVR-8119BVM,Nevir,Batidoras ,Cocina ,http://nevir.imagar.com/wp-content/uploads/2021/08/8119manual.pdf,Manual de Instrucciones,8427155903956,https://nevir.es/productos/pae/cocina/batidoras/nvr-8119bvm/,https://nevir.es/wp-content/uploads/2021/08/8119-BVM-600x600.png,nevir.es
NVR-8119BVM,Nevir,Batidoras ,Cocina ,http://nevir.imagar.com/wp-content/uploads/2021/08/8119.pdf,Ficha,8427155903956,https://nevir.es/productos/pae/cocina/batidoras/nvr-8119bvm/,https://nevir.es/wp-content/uploads/2021/08/8119-BVM-600x600.png,nevir.es
NVR-4550-IN 9K 1400B,Nevir,Lavadoras ,Gama Blanca ,http://nevir.imagar.com/wp-content/uploads/2021/08/4550manual.pdf,Manual de Instrucciones,8427155800996,https://nevir.es/productos/gama-blanca/lavadoras/nvr-4550-in-9k-1400b/,https://nevir.es/wp-content/uploads/2021/08/4550-10inverter-600x600.png,nevir.es
NVR-4550-IN 9K 1400B,Nevir,Lavadoras ,Gama Blanca ,http://nevir.imagar.com/wp-content/uploads/2021/08/4550-inverter.pdf,Ficha,8427155800996,https://nevir.es/productos/gama-blanca/lavadoras/nvr-4550-in-9k-1400b/,https://nevir.es/wp-content/uploads/2021/08/4550-10inverter-600x600.png,nevir.es
NVR-1112K,Nevir,Hervidores ,Cocina ,http://nevir.imagar.com/wp-content/uploads/2021/08/1112manual.pdf,Manual de Instrucciones,8427155904458,https://nevir.es/productos/pae/cocina/hervidores/nvr-1112k/,https://nevir.es/wp-content/uploads/2021/08/1112K-600x600.png,nevir.es
NVR-5219 CH-100,Nevir,Arcon Congelador ,Frigorificos ,http://nevir.imagar.com/wp-content/uploads/2021/08/5219manual.pdf,Manual de Instrucciones,8427155801221,https://nevir.es/productos/gama-blanca/frigorificos/arcon-congelador/nvr-5219-ch-100/,https://nevir.es/wp-content/uploads/2021/08/5219-CH100_close-600x600.png,nevir.es
NVR-5219 CH-100,Nevir,Arcon Congelador ,Frigorificos ,http://nevir.imagar.com/wp-content/uploads/2021/08/5219-100.pdf,Ficha,8427155801221,https://nevir.es/productos/gama-blanca/frigorificos/arcon-congelador/nvr-5219-ch-100/,https://nevir.es/wp-content/uploads/2021/08/5219-CH100_close-600x600.png,nevir.es
NVR-5219 CH-100,Nevir,Arcon Congelador ,Frigorificos ,http://nevir.imagar.com/wp-content/uploads/2021/08/5219label.pdf,Etiqueta Energética,8427155801221,https://nevir.es/productos/gama-blanca/frigorificos/arcon-congelador/nvr-5219-ch-100/,https://nevir.es/wp-content/uploads/2021/08/5219-CH100_close-600x600.png,nevir.es
NVR-6140M,Nevir,Microondas ,Pae ,http://nevir.imagar.com/wp-content/uploads/2021/08/6140manual.pdf,Manual de Instrucciones,8427155904472,https://nevir.es/productos/pae/microondas/nvr-6140m/,https://nevir.es/wp-content/uploads/2021/08/6140M-600x600.png,nevir.es
NVR-6140M,Nevir,Microondas ,Pae ,http://nevir.imagar.com/wp-content/uploads/2021/08/6141-6140.pdf,Ficha,8427155904472,https://nevir.es/productos/pae/microondas/nvr-6140m/,https://nevir.es/wp-content/uploads/2021/08/6140M-600x600.png,nevir.es
NVR-2202 S-ION NEGRO,Nevir,Secador De Pelo ,Cuidado Personal ,http://nevir.imagar.com/wp-content/uploads/2021/09/2202manual.pdf,Manual de Instrucciones,8427155902904,https://nevir.es/productos/pae/cuidado-personal/secador-de-pelo/nvr-2202-s-ion-negro/,https://nevir.es/wp-content/uploads/2021/09/2202negro-600x600.png,nevir.es
NVR-2202 S-ION NEGRO,Nevir,Secador De Pelo ,Cuidado Personal ,http://nevir.imagar.com/wp-content/uploads/2021/09/2202.pdf,Ficha,8427155902904,https://nevir.es/productos/pae/cuidado-personal/secador-de-pelo/nvr-2202-s-ion-negro/,https://nevir.es/wp-content/uploads/2021/09/2202negro-600x600.png,nevir.es
NVR-5600 RA BLANCO/NEGRO,Nevir,Aspiradores ,Hogar ,http://nevir.imagar.com/wp-content/uploads/2021/09/5600manual.pdf,Manual de Instrucciones,8427155904700,https://nevir.es/productos/pae/hogar/aspiradores/nvr-5600-ra-blanco-negro/,https://nevir.es/wp-content/uploads/2021/09/5600B-Narriba-600x600.png,nevir.es
NVR-5600 RA BLANCO/NEGRO,Nevir,Aspiradores ,Hogar ,http://nevir.imagar.com/wp-content/uploads/2021/09/5600RA_Presentacion.pdf,Ficha,8427155904700,https://nevir.es/productos/pae/hogar/aspiradores/nvr-5600-ra-blanco-negro/,https://nevir.es/wp-content/uploads/2021/09/5600B-Narriba-600x600.png,nevir.es
NVR-5320NSD,Nevir,11 Puerta ,Frigorificos ,http://nevir.imagar.com/wp-content/uploads/2021/08/5320manual.pdf,Manual de Instrucciones,8427155801238,https://nevir.es/productos/gama-blanca/frigorificos/1-puerta/nvr-5320nsd/,https://nevir.es/wp-content/uploads/2021/08/5320NSD_close-600x600.png,nevir.es
NVR-5320NSD,Nevir,11 Puerta ,Frigorificos ,http://nevir.imagar.com/wp-content/uploads/2021/08/5320NSD.pdf,Ficha,8427155801238,https://nevir.es/productos/gama-blanca/frigorificos/1-puerta/nvr-5320nsd/,https://nevir.es/wp-content/uploads/2021/08/5320NSD_close-600x600.png,nevir.es
NVR-5320NSD,Nevir,11 Puerta ,Frigorificos ,http://nevir.imagar.com/wp-content/uploads/2021/08/5320label.pdf,Etiqueta Energética,8427155801238,https://nevir.es/productos/gama-blanca/frigorificos/1-puerta/nvr-5320nsd/,https://nevir.es/wp-content/uploads/2021/08/5320NSD_close-600x600.png,nevir.es
NVR-200 NEGRO,Nevir,Radio Retro ,Sonido ,http://nevir.imagar.com/wp-content/uploads/2021/08/200manual.pdf,Manual de Instrucciones, 8427155000549,https://nevir.es/productos/sonido/radio-retro/nvr-200-negro/,https://nevir.es/wp-content/uploads/2021/08/200negro-600x600.png,nevir.es
NVR-5400CTNFT,Nevir,Combis ,Frigorificos ,http://nevir.imagar.com/wp-content/uploads/2021/08/5400manual.pdf,Manual de Instrucciones,8427155801368,https://nevir.es/productos/gama-blanca/frigorificos/combis/nvr-5400ctnft/,https://nevir.es/wp-content/uploads/2021/08/5400CTNFT_close-600x600.png,nevir.es
NVR-5400CTNFT,Nevir,Combis ,Frigorificos ,http://nevir.imagar.com/wp-content/uploads/2021/08/5400-1.pdf,Ficha,8427155801368,https://nevir.es/productos/gama-blanca/frigorificos/combis/nvr-5400ctnft/,https://nevir.es/wp-content/uploads/2021/08/5400CTNFT_close-600x600.png,nevir.es
NVR-140,Nevir,Radio Cassette ,Sonido ,http://nevir.imagar.com/wp-content/uploads/2021/08/140manual.pdf,Manual de Instrucciones, 8427155000488,https://nevir.es/productos/sonido/radio-cassette/nvr-140/,https://nevir.es/wp-content/uploads/2021/08/140-600x600.png,nevir.es
NVR-140,Nevir,Radio Cassette ,Sonido ,http://nevir.imagar.com/wp-content/uploads/2021/08/140.pdf,Ficha, 8427155000488,https://nevir.es/productos/sonido/radio-cassette/nvr-140/,https://nevir.es/wp-content/uploads/2021/08/140-600x600.png,nevir.es
NVR-5330DD,Nevir,22 Puertas ,Frigorificos ,http://nevir.imagar.com/wp-content/uploads/2021/08/5330manual.pdf,Manual de Instrucciones,8427155801269,https://nevir.es/productos/gama-blanca/frigorificos/2-puertas/nvr-5330dd/,https://nevir.es/wp-content/uploads/2021/08/5330DD_Close-600x600.png,nevir.es
NVR-5330DD,Nevir,22 Puertas ,Frigorificos ,http://nevir.imagar.com/wp-content/uploads/2021/08/5330DD.pdf,Ficha,8427155801269,https://nevir.es/productos/gama-blanca/frigorificos/2-puertas/nvr-5330dd/,https://nevir.es/wp-content/uploads/2021/08/5330DD_Close-600x600.png,nevir.es
NVR-5330DD,Nevir,22 Puertas ,Frigorificos ,http://nevir.imagar.com/wp-content/uploads/2021/08/5330label.pdf,Etiqueta Energética,8427155801269,https://nevir.es/productos/gama-blanca/frigorificos/2-puertas/nvr-5330dd/,https://nevir.es/wp-content/uploads/2021/08/5330DD_Close-600x600.png,nevir.es
NVR-5403CTNFTPD,Nevir,Combis ,Frigorificos ,http://nevir.imagar.com/wp-content/uploads/2021/08/5405manual.pdf,Manual de Instrucciones,8427155801399,https://nevir.es/productos/gama-blanca/frigorificos/combis/nvr-5403ctnftpd/,https://nevir.es/wp-content/uploads/2021/08/5403CTNFTPD_close-600x600.png,nevir.es
NVR-5403CTNFTPD,Nevir,Combis ,Frigorificos ,http://nevir.imagar.com/wp-content/uploads/2021/08/5403-label.pdf,Ficha,8427155801399,https://nevir.es/productos/gama-blanca/frigorificos/combis/nvr-5403ctnftpd/,https://nevir.es/wp-content/uploads/2021/08/5403CTNFTPD_close-600x600.png,nevir.es
NVR-5403CTNFTPD,Nevir,Combis ,Frigorificos ,http://nevir.imagar.com/wp-content/uploads/2021/08/5403-label.pdf,Etiqueta Energética,8427155801399,https://nevir.es/productos/gama-blanca/frigorificos/combis/nvr-5403ctnftpd/,https://nevir.es/wp-content/uploads/2021/08/5403CTNFTPD_close-600x600.png,nevir.es
NVR-5600 RA BLANCO,Nevir,Aspiradores ,Hogar ,http://nevir.imagar.com/wp-content/uploads/2021/09/5600manual.pdf,Manual de Instrucciones,8427155904762,https://nevir.es/productos/pae/hogar/aspiradores/nvr-5600-ra-blanco/,https://nevir.es/wp-content/uploads/2021/09/5600Barriba-600x600.png,nevir.es
NVR-5600 RA BLANCO,Nevir,Aspiradores ,Hogar ,http://nevir.imagar.com/wp-content/uploads/2021/09/5600RA_Presentacion.pdf,Ficha,8427155904762,https://nevir.es/productos/pae/hogar/aspiradores/nvr-5600-ra-blanco/,https://nevir.es/wp-content/uploads/2021/09/5600Barriba-600x600.png,nevir.es
NVR-136 PLATA,Nevir,Radio De Bolsillos ,Sonido ,http://nevir.imagar.com/wp-content/uploads/2021/08/136manual.pdf,Manual de Instrucciones, 8427155000525,https://nevir.es/productos/sonido/radio-de-bolsillos/nvr-136-plata/,https://nevir.es/wp-content/uploads/2021/08/136plata-600x600.png,nevir.es
NVR-5405CTNFTID,Nevir,Combis ,Frigorificos ,http://nevir.imagar.com/wp-content/uploads/2021/08/5405manual.pdf,Manual de Instrucciones,842715581412,https://nevir.es/productos/gama-blanca/frigorificos/combis/nvr-5405ctnftid/,https://nevir.es/wp-content/uploads/2021/08/5405CTNFTID_close-600x600.png,nevir.es
NVR-5405CTNFTID,Nevir,Combis ,Frigorificos ,http://nevir.imagar.com/wp-content/uploads/2021/08/5405CTNFTID.pdf,Ficha,842715581412,https://nevir.es/productos/gama-blanca/frigorificos/combis/nvr-5405ctnftid/,https://nevir.es/wp-content/uploads/2021/08/5405CTNFTID_close-600x600.png,nevir.es
NVR-5600 RA NEGRO,Nevir,Aspiradores ,Hogar ,http://nevir.imagar.com/wp-content/uploads/2021/09/5600manual.pdf,Manual de Instrucciones,8427155904694,https://nevir.es/productos/pae/hogar/aspiradores/nvr-5600-ra-negro/,https://nevir.es/wp-content/uploads/2021/09/5600Narriba-600x600.png,nevir.es
NVR-5600 RA NEGRO,Nevir,Aspiradores ,Hogar ,http://nevir.imagar.com/wp-content/uploads/2021/09/5600RA_Presentacion.pdf,Ficha,8427155904694,https://nevir.es/productos/pae/hogar/aspiradores/nvr-5600-ra-negro/,https://nevir.es/wp-content/uploads/2021/09/5600Narriba-600x600.png,nevir.es
NVR-200 MARRÓN,Nevir,Radio Retro ,Sonido ,http://nevir.imagar.com/wp-content/uploads/2021/08/200manual.pdf,Manual de Instrucciones, 8427155000556,https://nevir.es/productos/sonido/radio-retro/nvr-200-marron/,https://nevir.es/wp-content/uploads/2021/08/200marron-600x600.png,nevir.es
NVR-3584P,Nevir,Planchas ,Hogar ,http://nevir.imagar.com/wp-content/uploads/2021/08/3584manual.pdf,Manual de Instrucciones,8427155903925,https://nevir.es/productos/pae/hogar/planchas/nvr-3584p/,https://nevir.es/wp-content/uploads/2021/08/3584P-600x600.png,nevir.es
NVR-3540PV,Nevir,Planchas ,Hogar ,http://nevir.imagar.com/wp-content/uploads/2021/08/3540manual.pdf,Manual de Instrucciones,8427155901402,https://nevir.es/productos/pae/hogar/planchas/nvr-3540pv/,https://nevir.es/wp-content/uploads/2021/08/3540P-600x600.png,nevir.es
NVR-3586PA,Nevir,Planchas ,Hogar ,http://nevir.imagar.com/wp-content/uploads/2021/08/3586manual.pdf,Manual de Instrucciones,8427155903949,https://nevir.es/productos/pae/hogar/planchas/nvr-3586pa/,https://nevir.es/wp-content/uploads/2021/08/3586-PA-600x600.png,nevir.es
NVR-3586PA,Nevir,Planchas ,Hogar ,http://nevir.imagar.com/wp-content/uploads/2021/08/3586.pdf,Ficha,8427155903949,https://nevir.es/productos/pae/hogar/planchas/nvr-3586pa/,https://nevir.es/wp-content/uploads/2021/08/3586-PA-600x600.png,nevir.es
NVR-3585P,Nevir,Planchas ,Hogar ,http://nevir.imagar.com/wp-content/uploads/2021/08/3585manual.pdf,Manual de Instrucciones,8427155903932,https://nevir.es/productos/pae/hogar/planchas/nvr-3585p/,https://nevir.es/wp-content/uploads/2021/08/3585P-600x600.png,nevir.es
NVR-3585P,Nevir,Planchas ,Hogar ,http://nevir.imagar.com/wp-content/uploads/2021/08/3585.pdf,Ficha,8427155903932,https://nevir.es/productos/pae/hogar/planchas/nvr-3585p/,https://nevir.es/wp-content/uploads/2021/08/3585P-600x600.png,nevir.es
NVR-2202 S-ION GRIS,Nevir,Secador De Pelo ,Cuidado Personal ,http://nevir.imagar.com/wp-content/uploads/2021/09/2202manual.pdf,Manual de Instrucciones,8427155904519,https://nevir.es/productos/pae/cuidado-personal/secador-de-pelo/nvr-2202-s-ion-gris/,https://nevir.es/wp-content/uploads/2021/09/2202gris-600x600.png,nevir.es
NVR-2202 S-ION GRIS,Nevir,Secador De Pelo ,Cuidado Personal ,http://nevir.imagar.com/wp-content/uploads/2021/09/2202.pdf,Ficha,8427155904519,https://nevir.es/productos/pae/cuidado-personal/secador-de-pelo/nvr-2202-s-ion-gris/,https://nevir.es/wp-content/uploads/2021/09/2202gris-600x600.png,nevir.es
NVR-2204 S-ION PRO BRILLO,Nevir,Secador De Pelo ,Cuidado Personal ,http://nevir.imagar.com/wp-content/uploads/2021/09/2204Smanual.pdf,Manual de Instrucciones,8427155904670,https://nevir.es/productos/pae/cuidado-personal/secador-de-pelo/nvr-2204-s-ion-pro-brillo/,https://nevir.es/wp-content/uploads/2021/09/2204brillo-600x600.png,nevir.es
NVR-2204 S-ION PRO BRILLO,Nevir,Secador De Pelo ,Cuidado Personal ,http://nevir.imagar.com/wp-content/uploads/2021/09/2204S.pdf,Ficha,8427155904670,https://nevir.es/productos/pae/cuidado-personal/secador-de-pelo/nvr-2204-s-ion-pro-brillo/,https://nevir.es/wp-content/uploads/2021/09/2204brillo-600x600.png,nevir.es
NVR-2202 S-ION AZUL,Nevir,Secador De Pelo ,Cuidado Personal ,http://nevir.imagar.com/wp-content/uploads/2021/09/2202manual.pdf,Manual de Instrucciones,8427155904502,https://nevir.es/productos/pae/cuidado-personal/secador-de-pelo/nvr-2202-s-ion-azul/,https://nevir.es/wp-content/uploads/2021/09/2202azul-600x600.png,nevir.es
NVR-2202 S-ION AZUL,Nevir,Secador De Pelo ,Cuidado Personal ,http://nevir.imagar.com/wp-content/uploads/2021/09/2202.pdf,Ficha,8427155904502,https://nevir.es/productos/pae/cuidado-personal/secador-de-pelo/nvr-2202-s-ion-azul/,https://nevir.es/wp-content/uploads/2021/09/2202azul-600x600.png,nevir.es
NVR-6224M,Nevir,Microondas ,Pae ,http://nevir.imagar.com/wp-content/uploads/2021/08/6224manual.pdf,Manual de Instrucciones,8427155904144,https://nevir.es/productos/pae/microondas/nvr-6224m/,https://nevir.es/wp-content/uploads/2021/08/6224M-600x600.png,nevir.es
NVR-6224M,Nevir,Microondas ,Pae ,http://nevir.imagar.com/wp-content/uploads/2021/08/6224.pdf,Ficha,8427155904144,https://nevir.es/productos/pae/microondas/nvr-6224m/,https://nevir.es/wp-content/uploads/2021/08/6224M-600x600.png,nevir.es
NVR-6233MGS,Nevir,Microondas ,Pae ,http://nevir.imagar.com/wp-content/uploads/2021/08/6235manual.pdf,Manual de Instrucciones,8427155904427,https://nevir.es/productos/pae/microondas/nvr-6233mgs/,https://nevir.es/wp-content/uploads/2021/08/6233MGS-600x600.png,nevir.es
NVR-6233MGS,Nevir,Microondas ,Pae ,http://nevir.imagar.com/wp-content/uploads/2021/08/6235-4-3-2.pdf,Ficha,8427155904427,https://nevir.es/productos/pae/microondas/nvr-6233mgs/,https://nevir.es/wp-content/uploads/2021/08/6233MGS-600x600.png,nevir.es
NVR-6141MG,Nevir,Microondas ,Pae ,http://nevir.imagar.com/wp-content/uploads/2021/08/6141manual.pdf,Manual de Instrucciones,8427155904489,https://nevir.es/productos/pae/microondas/nvr-6141mg/,https://nevir.es/wp-content/uploads/2021/08/6141MG-600x600.png,nevir.es
NVR-6141MG,Nevir,Microondas ,Pae ,http://nevir.imagar.com/wp-content/uploads/2021/08/6141-6140.pdf,Ficha,8427155904489,https://nevir.es/productos/pae/microondas/nvr-6141mg/,https://nevir.es/wp-content/uploads/2021/08/6141MG-600x600.png,nevir.es
NVR-2204 S-ION PRO,Nevir,Secador De Pelo ,Cuidado Personal ,http://nevir.imagar.com/wp-content/uploads/2021/09/2204Smanual.pdf,Manual de Instrucciones,8427155904663,https://nevir.es/productos/pae/cuidado-personal/secador-de-pelo/nvr-2204-s-ion-pro/,https://nevir.es/wp-content/uploads/2021/09/2204mate-600x600.png,nevir.es
NVR-2204 S-ION PRO,Nevir,Secador De Pelo ,Cuidado Personal ,http://nevir.imagar.com/wp-content/uploads/2021/09/2204S.pdf,Ficha,8427155904663,https://nevir.es/productos/pae/cuidado-personal/secador-de-pelo/nvr-2204-s-ion-pro/,https://nevir.es/wp-content/uploads/2021/09/2204mate-600x600.png,nevir.es
NVR-6235MGS,Nevir,Microondas ,Pae ,http://nevir.imagar.com/wp-content/uploads/2021/08/6235manual.pdf,Manual de Instrucciones,8427155904441,https://nevir.es/productos/pae/microondas/nvr-6235mgs/,https://nevir.es/wp-content/uploads/2021/08/6235MGS-600x600.png,nevir.es
NVR-6235MGS,Nevir,Microondas ,Pae ,http://nevir.imagar.com/wp-content/uploads/2021/08/6235-4-3-2.pdf,Ficha,8427155904441,https://nevir.es/productos/pae/microondas/nvr-6235mgs/,https://nevir.es/wp-content/uploads/2021/08/6235MGS-600x600.png,nevir.es
NVR-6230MDG23,Nevir,Microondas ,Pae ,http://nevir.imagar.com/wp-content/uploads/2021/08/6230-23manual.pdf,Manual de Instrucciones,8427155904885,https://nevir.es/productos/pae/microondas/nvr-6230mdg23/,https://nevir.es/wp-content/uploads/2021/08/6230-23frontal-600x600.png,nevir.es
NVR-6230MDG23,Nevir,Microondas ,Pae ,http://nevir.imagar.com/wp-content/uploads/2021/08/6230-23.pdf,Ficha,8427155904885,https://nevir.es/productos/pae/microondas/nvr-6230mdg23/,https://nevir.es/wp-content/uploads/2021/08/6230-23frontal-600x600.png,nevir.es
NVR-1110K,Nevir,Hervidores ,Cocina ,http://nevir.imagar.com/wp-content/uploads/2021/08/1110manual.pdf,Manual de Instrucciones,8427155904373,https://nevir.es/productos/pae/cocina/hervidores/nvr-1110k/,https://nevir.es/wp-content/uploads/2021/08/1110blanco-600x600.png,nevir.es
NVR-1110K,Nevir,Hervidores ,Cocina ,http://nevir.imagar.com/wp-content/uploads/2021/08/1110.pdf,Ficha,8427155904373,https://nevir.es/productos/pae/cocina/hervidores/nvr-1110k/,https://nevir.es/wp-content/uploads/2021/08/1110blanco-600x600.png,nevir.es
NVR-6232MS,Nevir,Microondas ,Pae ,http://nevir.imagar.com/wp-content/uploads/2021/08/6234manual.pdf,Manual de Instrucciones,8427155904410,https://nevir.es/productos/pae/microondas/nvr-6232ms/,https://nevir.es/wp-content/uploads/2021/08/6232MS-600x600.png,nevir.es
NVR-6232MS,Nevir,Microondas ,Pae ,http://nevir.imagar.com/wp-content/uploads/2021/08/6235-4-3-2.pdf,Ficha,8427155904410,https://nevir.es/productos/pae/microondas/nvr-6232ms/,https://nevir.es/wp-content/uploads/2021/08/6232MS-600x600.png,nevir.es
NVR-1110K AZUL,Nevir,Hervidores ,Cocina ,http://nevir.imagar.com/wp-content/uploads/2021/08/1110manual.pdf,Manual de Instrucciones,8427155904397,https://nevir.es/productos/pae/cocina/hervidores/nvr-1110k-azul/,https://nevir.es/wp-content/uploads/2021/08/1110azul-600x600.png,nevir.es
NVR-1110K AZUL,Nevir,Hervidores ,Cocina ,http://nevir.imagar.com/wp-content/uploads/2021/08/1110.pdf,Ficha,8427155904397,https://nevir.es/productos/pae/cocina/hervidores/nvr-1110k-azul/,https://nevir.es/wp-content/uploads/2021/08/1110azul-600x600.png,nevir.es
NVR-6137MEDGS,Nevir,Encrastables ,Microondas ,http://nevir.imagar.com/wp-content/uploads/2021/08/6137manual.pdf,Manual de Instrucciones,8427155904366,https://nevir.es/productos/pae/microondas/encrastables/nvr-6137medgs/,https://nevir.es/wp-content/uploads/2021/08/6137frontal-600x600.png,nevir.es
NVR-6137MEDGS,Nevir,Encrastables ,Microondas ,http://nevir.imagar.com/wp-content/uploads/2021/08/6137.pdf,Ficha,8427155904366,https://nevir.es/productos/pae/microondas/encrastables/nvr-6137medgs/,https://nevir.es/wp-content/uploads/2021/08/6137frontal-600x600.png,nevir.es
NVR-6340MDGS,Nevir,Microondas ,Pae ,http://nevir.imagar.com/wp-content/uploads/2021/08/6340manual.pdf,Manual de Instrucciones,8427155904779,https://nevir.es/productos/pae/microondas/nvr-6340mdgs/,https://nevir.es/wp-content/uploads/2021/08/6340MDGS-600x600.png,nevir.es
NVR-6340MDGS,Nevir,Microondas ,Pae ,http://nevir.imagar.com/wp-content/uploads/2021/08/6340.pdf,Ficha,8427155904779,https://nevir.es/productos/pae/microondas/nvr-6340mdgs/,https://nevir.es/wp-content/uploads/2021/08/6340MDGS-600x600.png,nevir.es
NVR-6234MS,Nevir,Microondas ,Pae ,http://nevir.imagar.com/wp-content/uploads/2021/08/6234manual.pdf,Manual de Instrucciones,8427155904434,https://nevir.es/productos/pae/microondas/nvr-6234ms/,https://nevir.es/wp-content/uploads/2021/08/6234MS-600x600.png,nevir.es
NVR-6234MS,Nevir,Microondas ,Pae ,http://nevir.imagar.com/wp-content/uploads/2021/08/6235-4-3-2.pdf,Ficha,8427155904434,https://nevir.es/productos/pae/microondas/nvr-6234ms/,https://nevir.es/wp-content/uploads/2021/08/6234MS-600x600.png,nevir.es
NVR-9538CR,Nevir,Calefaccion ,Climatizacion ,https://nevir.imagar.com/wp-content/uploads/simple-file-list/Manuales/9538manual.pdf,Manual de Instrucciones,8427155810384,https://nevir.es/productos/climatizacion/calefaccion/nvr-9538cr/,https://nevir.es/wp-content/uploads/2021/09/9538CR-600x600.png,nevir.es
NVR-9538CR,Nevir,Calefaccion ,Climatizacion ,http://nevir.imagar.com/wp-content/uploads/2021/09/9538CR.pdf,Ficha,8427155810384,https://nevir.es/productos/climatizacion/calefaccion/nvr-9538cr/,https://nevir.es/wp-content/uploads/2021/09/9538CR-600x600.png,nevir.es
NVR-1113KI,Nevir,Hervidores ,Cocina ,http://nevir.imagar.com/wp-content/uploads/2021/08/1113manual.pdf,Manual de Instrucciones,8427155905073,https://nevir.es/productos/pae/cocina/hervidores/nvr-1113ki/,https://nevir.es/wp-content/uploads/2021/08/1113KI-600x600.png,nevir.es
NVR-1113KI,Nevir,Hervidores ,Cocina ,http://nevir.imagar.com/wp-content/uploads/2021/08/1113KI.pdf,Ficha,8427155905073,https://nevir.es/productos/pae/cocina/hervidores/nvr-1113ki/,https://nevir.es/wp-content/uploads/2021/08/1113KI-600x600.png,nevir.es
NVR-4710-IN 10K 1400B-SC,Nevir,Lavadoras ,Gama Blanca ,http://nevir.imagar.com/wp-content/uploads/2021/08/4710-10K-1400manual.pdf,Manual de Instrucciones,8427155801184,https://nevir.es/productos/gama-blanca/lavadoras/nvr-4710-in-10k-1400b-sc/,https://nevir.es/wp-content/uploads/2021/08/4710-10K-1400frontal-600x600.png,nevir.es
NVR-4710-IN 10K 1400B-SC,Nevir,Lavadoras ,Gama Blanca ,http://nevir.imagar.com/wp-content/uploads/2021/08/4710-10K.pdf,Ficha,8427155801184,https://nevir.es/productos/gama-blanca/lavadoras/nvr-4710-in-10k-1400b-sc/,https://nevir.es/wp-content/uploads/2021/08/4710-10K-1400frontal-600x600.png,nevir.es
NVR-4710-IN 10K 1400B-SC,Nevir,Lavadoras ,Gama Blanca ,http://nevir.imagar.com/wp-content/uploads/2021/08/4710-10K-1400label.pdf,Etiqueta Energética,8427155801184,https://nevir.es/productos/gama-blanca/lavadoras/nvr-4710-in-10k-1400b-sc/,https://nevir.es/wp-content/uploads/2021/08/4710-10K-1400frontal-600x600.png,nevir.es
NVR-9546CVTT,Nevir,Calefaccion ,Climatizacion ,https://nevir.imagar.com/wp-content/uploads/simple-file-list/Manuales/9546manual.pdf,Manual de Instrucciones,8427155810421,https://nevir.es/productos/climatizacion/calefaccion/nvr-9546cvtt/,https://nevir.es/wp-content/uploads/2021/09/9546CVTT-600x600.png,nevir.es
NVR-9546CVTT,Nevir,Calefaccion ,Climatizacion ,https://nevir.imagar.com/wp-content/uploads/2021/09/9546-CVTT.pdf,Ficha,8427155810421,https://nevir.es/productos/climatizacion/calefaccion/nvr-9546cvtt/,https://nevir.es/wp-content/uploads/2021/09/9546CVTT-600x600.png,nevir.es
NVR-4550-IN 10K 1400B,Nevir,Lavadoras ,Gama Blanca ,http://nevir.imagar.com/wp-content/uploads/2021/08/4550manual.pdf,Manual de Instrucciones,8427155801016,https://nevir.es/productos/gama-blanca/lavadoras/nvr-4550-in-10k-1400b/,https://nevir.es/wp-content/uploads/2021/08/4550-10inverter-600x600.png,nevir.es
NVR-4550-IN 10K 1400B,Nevir,Lavadoras ,Gama Blanca ,http://nevir.imagar.com/wp-content/uploads/2021/08/4550-inverter.pdf,Ficha,8427155801016,https://nevir.es/productos/gama-blanca/lavadoras/nvr-4550-in-10k-1400b/,https://nevir.es/wp-content/uploads/2021/08/4550-10inverter-600x600.png,nevir.es
NVR-VP40C-BTG,Nevir,Ventilacion ,Climatizacion ,https://nevir.es/wp-content/uploads/simple-file-list/Manuales/VP40Cmanual.pdf,Manual de Instrucciones,8427155904564,https://nevir.es/productos/climatizacion/ventilacion/nvr-vp40c-btg/,https://nevir.es/wp-content/uploads/2021/10/VPC40-BTG-600x600.png,nevir.es
NVR-VP40C-BTG,Nevir,Ventilacion ,Climatizacion ,https://nevir.es/wp-content/uploads/2021/10/VP40C-BT-B-BG.pdf,Ficha,8427155904564,https://nevir.es/productos/climatizacion/ventilacion/nvr-vp40c-btg/,https://nevir.es/wp-content/uploads/2021/10/VPC40-BTG-600x600.png,nevir.es
NVR-VP40C-BA,Nevir,Ventilacion ,Climatizacion ,https://nevir.es/wp-content/uploads/simple-file-list/Manuales/VP40Cmanual.pdf,Manual de Instrucciones,8427155904595,https://nevir.es/productos/climatizacion/ventilacion/nvr-vp40c-ba/,https://nevir.es/wp-content/uploads/2021/10/VPC40-BA-600x600.png,nevir.es
NVR-VP40C-BN,Nevir,Ventilacion ,Climatizacion ,https://nevir.es/wp-content/uploads/simple-file-list/Manuales/VP40Cmanual.pdf,Manual de Instrucciones,8427155904601,https://nevir.es/productos/climatizacion/ventilacion/nvr-vp40c/,https://nevir.es/wp-content/uploads/2021/10/VPC40-BN-600x600.png,nevir.es
NVR-VP40C-BN,Nevir,Ventilacion ,Climatizacion ,https://nevir.es/wp-content/uploads/2021/10/VP40C-BA-N.pdf,Ficha,8427155904601,https://nevir.es/productos/climatizacion/ventilacion/nvr-vp40c/,https://nevir.es/wp-content/uploads/2021/10/VPC40-BN-600x600.png,nevir.es
NVR-VP40C-BG,Nevir,Ventilacion ,Climatizacion ,https://nevir.es/wp-content/uploads/simple-file-list/Manuales/VP40Cmanual.pdf,Manual de Instrucciones,8427155904571,https://nevir.es/productos/climatizacion/ventilacion/nvr-vp40c-bg/,https://nevir.es/wp-content/uploads/2021/10/VPC40-BG-600x600.png,nevir.es
NVR-VP40C-BG,Nevir,Ventilacion ,Climatizacion ,https://nevir.es/wp-content/uploads/2021/10/VP40C-BT-B-BG.pdf,Ficha,8427155904571,https://nevir.es/productos/climatizacion/ventilacion/nvr-vp40c-bg/,https://nevir.es/wp-content/uploads/2021/10/VPC40-BG-600x600.png,nevir.es
NVR-VS30-M,Nevir,Ventilacion ,Climatizacion ,https://nevir.es/wp-content/uploads/simple-file-list/Manuales/VS45-30-M.pdf,Manual de Instrucciones,8427155904878,https://nevir.es/productos/climatizacion/ventilacion/nvr-vs30-m/,https://nevir.es/wp-content/uploads/2021/10/VS30-M2-600x600.png,nevir.es
NVR-VS30-M,Nevir,Ventilacion ,Climatizacion ,https://nevir.es/wp-content/uploads/2021/10/VS40-M-VS35-VS30M.pdf,Ficha,8427155904878,https://nevir.es/productos/climatizacion/ventilacion/nvr-vs30-m/,https://nevir.es/wp-content/uploads/2021/10/VS30-M2-600x600.png,nevir.es
NVR-VPM40-C,Nevir,Ventilacion ,Climatizacion ,https://nevir.es/wp-content/uploads/simple-file-list/Manuales/VPM40.pdf,Manual de Instrucciones,8427155903673,https://nevir.es/productos/climatizacion/ventilacion/nvr-vpm40-c/,https://nevir.es/wp-content/uploads/2021/10/VPM40-C-600x600.png,nevir.es
NVR-VPM40-C,Nevir,Ventilacion ,Climatizacion ,https://nevir.es/wp-content/uploads/2021/10/VPM40.pdf,Ficha,8427155903673,https://nevir.es/productos/climatizacion/ventilacion/nvr-vpm40-c/,https://nevir.es/wp-content/uploads/2021/10/VPM40-C-600x600.png,nevir.es
NVR-VPM40-AZ,Nevir,Ventilacion ,Climatizacion ,https://nevir.es/wp-content/uploads/simple-file-list/Manuales/VPM40.pdf,Manual de Instrucciones,8427155903697,https://nevir.es/productos/climatizacion/ventilacion/nvr-vpm40-az/,https://nevir.es/wp-content/uploads/2021/10/VPM40-AZ-600x600.png,nevir.es
NVR-VPM40-AZ,Nevir,Ventilacion ,Climatizacion ,https://nevir.es/wp-content/uploads/2021/10/VPM40.pdf,Ficha,8427155903697,https://nevir.es/productos/climatizacion/ventilacion/nvr-vpm40-az/,https://nevir.es/wp-content/uploads/2021/10/VPM40-AZ-600x600.png,nevir.es
NVR-VS35-M,Nevir,Ventilacion ,Climatizacion ,https://nevir.es/wp-content/uploads/simple-file-list/Manuales/VS50-VS40-VS35M.pdf,Manual de Instrucciones,8427155903710,https://nevir.es/productos/climatizacion/ventilacion/nvr-vs35-m/,https://nevir.es/wp-content/uploads/2021/10/VS35-M-600x600.png,nevir.es
NVR-VS35-M,Nevir,Ventilacion ,Climatizacion ,https://nevir.es/wp-content/uploads/2021/10/VS40-M-VS35-VS30M.pdf,Ficha,8427155903710,https://nevir.es/productos/climatizacion/ventilacion/nvr-vs35-m/,https://nevir.es/wp-content/uploads/2021/10/VS35-M-600x600.png,nevir.es
NVR-VS50-M,Nevir,Ventilacion ,Climatizacion ,https://nevir.es/wp-content/uploads/simple-file-list/Manuales/VS50-VS40-VS35M.pdf,Manual de Instrucciones,8427155903734,https://nevir.es/productos/climatizacion/ventilacion/nvr-vs50-m/,https://nevir.es/wp-content/uploads/2021/10/VS50-M-600x600.png,nevir.es
NVR-VS50-M,Nevir,Ventilacion ,Climatizacion ,https://nevir.es/wp-content/uploads/2021/10/VS50-M-VS45-M.pdf,Ficha,8427155903734,https://nevir.es/productos/climatizacion/ventilacion/nvr-vs50-m/,https://nevir.es/wp-content/uploads/2021/10/VS50-M-600x600.png,nevir.es
NVR-VS45-M,Nevir,Ventilacion ,Climatizacion ,https://nevir.es/wp-content/uploads/simple-file-list/Manuales/VS45-30-M.pdf,Manual de Instrucciones,8427155903260,https://nevir.es/productos/climatizacion/ventilacion/nvr-vs45-m/,https://nevir.es/wp-content/uploads/2021/10/VS50-M-600x600.png,nevir.es
NVR-VS45-M,Nevir,Ventilacion ,Climatizacion ,https://nevir.es/wp-content/uploads/2021/10/VS50-M-VS45-M.pdf,Ficha,8427155903260,https://nevir.es/productos/climatizacion/ventilacion/nvr-vs45-m/,https://nevir.es/wp-content/uploads/2021/10/VS50-M-600x600.png,nevir.es
NVR-VPM40-R,Nevir,Ventilacion ,Climatizacion ,https://nevir.es/wp-content/uploads/simple-file-list/Manuales/VPM40.pdf,Manual de Instrucciones,8427155903703,https://nevir.es/productos/climatizacion/ventilacion/nvr-vpm40-r/,https://nevir.es/wp-content/uploads/2021/10/VPM40-R-600x600.png,nevir.es
NVR-VPM40-R,Nevir,Ventilacion ,Climatizacion ,https://nevir.es/wp-content/uploads/2021/10/VPM40.pdf,Ficha,8427155903703,https://nevir.es/productos/climatizacion/ventilacion/nvr-vpm40-r/,https://nevir.es/wp-content/uploads/2021/10/VPM40-R-600x600.png,nevir.es
NVR-VT29-B,Nevir,Ventilacion ,Climatizacion ,https://nevir.es/wp-content/uploads/simple-file-list/Manuales/VT46-BDM.pdf,Manual de Instrucciones,8427155903826,https://nevir.es/productos/climatizacion/ventilacion/nvr-vt29-b/,https://nevir.es/wp-content/uploads/2021/10/VT29-B-600x600.png,nevir.es
NVR-VT29-B,Nevir,Ventilacion ,Climatizacion ,https://nevir.es/wp-content/uploads/2021/10/VT29.pdf,Ficha,8427155903826,https://nevir.es/productos/climatizacion/ventilacion/nvr-vt29-b/,https://nevir.es/wp-content/uploads/2021/10/VT29-B-600x600.png,nevir.es
NVR-VT46-BDM,Nevir,Ventilacion ,Climatizacion ,https://nevir.es/wp-content/uploads/simple-file-list/Manuales/VT46-BDM.pdf,Manual de Instrucciones,8427155903475,https://nevir.es/productos/climatizacion/ventilacion/nvr-vt46-bdm/,https://nevir.es/wp-content/uploads/2021/10/VT46-BDM-600x600.png,nevir.es
NVR-VT46-BDM,Nevir,Ventilacion ,Climatizacion ,https://nevir.es/wp-content/uploads/2021/10/VT46.pdf,Ficha,8427155903475,https://nevir.es/productos/climatizacion/ventilacion/nvr-vt46-bdm/,https://nevir.es/wp-content/uploads/2021/10/VT46-BDM-600x600.png,nevir.es
NVR-8060-504K2S-SMA-N,Nevir,Tv ,Descatalogados ,http://nevir.imagar.com/wp-content/uploads/2021/03/8060-50manual.pdf,Manual de instrucciones,8427155023319,https://nevir.es/productos/descatalogados/tv/nvr-8060-504k2s-sma-n/,https://nevir.es/wp-content/uploads/2021/03/8060-50frontal-scaled-600x388.jpg,nevir.es
NVR-8060-504K2S-SMA-N,Nevir,Tv ,Descatalogados ,http://nevir.imagar.com/wp-content/uploads/2021/03/8060-50.pdf,Ficha,8427155023319,https://nevir.es/productos/descatalogados/tv/nvr-8060-504k2s-sma-n/,https://nevir.es/wp-content/uploads/2021/03/8060-50frontal-scaled-600x388.jpg,nevir.es
NVR-8060-504K2S-SMA-N,Nevir,Tv ,Descatalogados ,http://nevir.imagar.com/wp-content/uploads/2021/03/8060-50label.pdf,Etiqueta Energética,8427155023319,https://nevir.es/productos/descatalogados/tv/nvr-8060-504k2s-sma-n/,https://nevir.es/wp-content/uploads/2021/03/8060-50frontal-scaled-600x388.jpg,nevir.es
NVR-8060-504K2S-SMA-N,Nevir,Tv ,Descatalogados ,https://nevir.es/wp-content/uploads/2021/10/USO-MOUSE-TV.pdf,USO MOUSE TV,8427155023319,https://nevir.es/productos/descatalogados/tv/nvr-8060-504k2s-sma-n/,https://nevir.es/wp-content/uploads/2021/03/8060-50frontal-scaled-600x388.jpg,nevir.es
NVR-VS40-M,Nevir,Ventilacion ,Climatizacion ,https://nevir.es/wp-content/uploads/simple-file-list/Manuales/VS50-VS40-VS35M.pdf,Manual de Instrucciones,8427155903727,https://nevir.es/productos/climatizacion/ventilacion/nvr-vs40-m/,https://nevir.es/wp-content/uploads/2021/10/VS40-M-600x600.png,nevir.es
NVR-VS40-M,Nevir,Ventilacion ,Climatizacion ,https://nevir.es/wp-content/uploads/2021/10/VS40-M-VS35-VS30M.pdf,Ficha,8427155903727,https://nevir.es/productos/climatizacion/ventilacion/nvr-vs40-m/,https://nevir.es/wp-content/uploads/2021/10/VS40-M-600x600.png,nevir.es
NVR-8060-434K2S-SMA-N,Nevir,Tv ,Descatalogados ,http://nevir.imagar.com/wp-content/uploads/2021/03/8060-50manual.pdf,Manual de instrucciones,8427155023302,https://nevir.es/productos/descatalogados/tv/nvr-8060-434k2s-sma-n/,https://nevir.es/wp-content/uploads/2021/03/8060-50frontal-scaled-600x388.jpg,nevir.es
NVR-8060-434K2S-SMA-N,Nevir,Tv ,Descatalogados ,http://nevir.imagar.com/wp-content/uploads/2021/03/8060-50.pdf,Ficha,8427155023302,https://nevir.es/productos/descatalogados/tv/nvr-8060-434k2s-sma-n/,https://nevir.es/wp-content/uploads/2021/03/8060-50frontal-scaled-600x388.jpg,nevir.es
NVR-8060-434K2S-SMA-N,Nevir,Tv ,Descatalogados ,http://nevir.imagar.com/wp-content/uploads/2021/03/8060-50label.pdf,Etiqueta Energética,8427155023302,https://nevir.es/productos/descatalogados/tv/nvr-8060-434k2s-sma-n/,https://nevir.es/wp-content/uploads/2021/03/8060-50frontal-scaled-600x388.jpg,nevir.es
NVR-8060-434K2S-SMA-N,Nevir,Tv ,Descatalogados ,https://nevir.es/wp-content/uploads/2021/10/USO-MOUSE-TV.pdf,USO MOUSE TV,8427155023302,https://nevir.es/productos/descatalogados/tv/nvr-8060-434k2s-sma-n/,https://nevir.es/wp-content/uploads/2021/03/8060-50frontal-scaled-600x388.jpg,nevir.es
NVR-8061-39RD2S-SMA-N,Nevir,Tv ,Descatalogados ,http://nevir.imagar.com/wp-content/uploads/2021/03/8061-39manual.pdf,Manual de instrucciones,8427155023357,https://nevir.es/productos/descatalogados/tv/nvr-8061-39rd2s-sma-n/,https://nevir.es/wp-content/uploads/2021/03/8061-39frontal-scaled-600x382.jpg,nevir.es
NVR-8061-39RD2S-SMA-N,Nevir,Tv ,Descatalogados ,http://nevir.imagar.com/wp-content/uploads/2021/03/8061-39.pdf,Ficha,8427155023357,https://nevir.es/productos/descatalogados/tv/nvr-8061-39rd2s-sma-n/,https://nevir.es/wp-content/uploads/2021/03/8061-39frontal-scaled-600x382.jpg,nevir.es
NVR-8061-39RD2S-SMA-N,Nevir,Tv ,Descatalogados ,http://nevir.imagar.com/wp-content/uploads/2021/03/8061-39label.pdf,Etiqueta Energética,8427155023357,https://nevir.es/productos/descatalogados/tv/nvr-8061-39rd2s-sma-n/,https://nevir.es/wp-content/uploads/2021/03/8061-39frontal-scaled-600x382.jpg,nevir.es
NVR-8061-39RD2S-SMA-N,Nevir,Tv ,Descatalogados ,https://nevir.es/wp-content/uploads/2021/10/USO-MOUSE-TV.pdf,USO MOUSE TV,8427155023357,https://nevir.es/productos/descatalogados/tv/nvr-8061-39rd2s-sma-n/,https://nevir.es/wp-content/uploads/2021/03/8061-39frontal-scaled-600x382.jpg,nevir.es
NVR-9002-504K2S-SM,Nevir,Tv ,Descatalogados ,http://nevir.imagar.com/wp-content/uploads/2021/02/9002-55-50manual.pdf,Manual de instrucciones,8427155023265,https://nevir.es/productos/descatalogados/tv/nvr-9002-504k2s-sm/,https://nevir.es/wp-content/uploads/2020/10/9002-55frontal-600x393.jpg,nevir.es
NVR-9002-504K2S-SM,Nevir,Tv ,Descatalogados ,http://nevir.imagar.com/wp-content/uploads/2021/02/9002-50.pdf,Ficha,8427155023265,https://nevir.es/productos/descatalogados/tv/nvr-9002-504k2s-sm/,https://nevir.es/wp-content/uploads/2020/10/9002-55frontal-600x393.jpg,nevir.es
NVR-9002-504K2S-SM,Nevir,Tv ,Descatalogados ,http://nevir.imagar.com/wp-content/uploads/2021/02/9002-50label.pdf,Etiqueta Energética,8427155023265,https://nevir.es/productos/descatalogados/tv/nvr-9002-504k2s-sm/,https://nevir.es/wp-content/uploads/2020/10/9002-55frontal-600x393.jpg,nevir.es
NVR-9002-554K2S-SM,Nevir,Tv ,Descatalogados ,http://nevir.imagar.com/wp-content/uploads/2021/02/9002-55-50manual.pdf,Manual de instrucciones,8427155023272,https://nevir.es/productos/descatalogados/tv/9002-55/,https://nevir.es/wp-content/uploads/2020/10/9002-55frontal-600x393.jpg,nevir.es
NVR-9002-554K2S-SM,Nevir,Tv ,Descatalogados ,http://nevir.imagar.com/wp-content/uploads/2021/02/9002-55-1.pdf,Ficha,8427155023272,https://nevir.es/productos/descatalogados/tv/9002-55/,https://nevir.es/wp-content/uploads/2020/10/9002-55frontal-600x393.jpg,nevir.es
NVR-9002-554K2S-SM,Nevir,Tv ,Descatalogados ,http://nevir.imagar.com/wp-content/uploads/2021/02/9002-55label.pdf,Etiqueta Energética,8427155023272,https://nevir.es/productos/descatalogados/tv/9002-55/,https://nevir.es/wp-content/uploads/2020/10/9002-55frontal-600x393.jpg,nevir.es
NVR-9002-434K2S-SM,Nevir,Tv ,Descatalogados ,http://nevir.imagar.com/wp-content/uploads/2021/03/9002-43.pdf,Manual de instrucciones,8427155023258,https://nevir.es/productos/descatalogados/tv/nvr-9002-434k2s-sm/,https://nevir.es/wp-content/uploads/2021/03/9002-43frontal-scaled-600x392.jpg,nevir.es
NVR-9002-434K2S-SM,Nevir,Tv ,Descatalogados ,http://nevir.imagar.com/wp-content/uploads/2021/03/9002-43.pdf,Ficha,8427155023258,https://nevir.es/productos/descatalogados/tv/nvr-9002-434k2s-sm/,https://nevir.es/wp-content/uploads/2021/03/9002-43frontal-scaled-600x392.jpg,nevir.es
NVR-9002-434K2S-SM,Nevir,Tv ,Descatalogados ,http://nevir.imagar.com/wp-content/uploads/2021/03/9002-43label.pdf,Etiqueta Energética,8427155023258,https://nevir.es/productos/descatalogados/tv/nvr-9002-434k2s-sm/,https://nevir.es/wp-content/uploads/2021/03/9002-43frontal-scaled-600x392.jpg,nevir.es
NVR-8337BA,Nevir,Batidoras ,Cocina ,http://nevir.imagar.com/wp-content/uploads/2021/08/8337manual.pdf,Manual de Instrucciones,8427155904243,https://nevir.es/productos/pae/cocina/batidoras/nvr-8337ba/,https://nevir.es/wp-content/uploads/2021/08/8337BM-600x600.png,nevir.es
NVR-1131CM,Nevir,Cafeteras ,Cocina ,http://nevir.imagar.com/wp-content/uploads/2021/08/1131manual.pdf,Manual de Instrucciones,8427155904250,https://nevir.es/productos/pae/cocina/cafeteras/nvr-1131cm/,https://nevir.es/wp-content/uploads/2021/08/1131blanco-600x600.png,nevir.es
NVR-1131CM,Nevir,Cafeteras ,Cocina ,http://nevir.imagar.com/wp-content/uploads/2021/08/1132-1131.pdf,Ficha,8427155904250,https://nevir.es/productos/pae/cocina/cafeteras/nvr-1131cm/,https://nevir.es/wp-content/uploads/2021/08/1131blanco-600x600.png,nevir.es
NVR-1127CM,Nevir,Cafeteras ,Cocina ,http://nevir.imagar.com/wp-content/uploads/2021/08/1127manual.pdf,Manual de Instrucciones,8427155903314,https://nevir.es/productos/pae/cocina/cafeteras/nvr-1127cm/,https://nevir.es/wp-content/uploads/2021/08/1127CM-1-600x600.png,nevir.es
NVR-9002-32RD2S-SM,Nevir,Tv ,Descatalogados ,http://nevir.imagar.com/wp-content/uploads/2021/03/9002-32manual.pdf,Manual de instrucciones,8427155023241,https://nevir.es/productos/descatalogados/tv/nvr-9002-32rd2s-sm/,https://nevir.es/wp-content/uploads/2021/03/9002-32frontal-scaled-600x393.jpg,nevir.es
NVR-9002-32RD2S-SM,Nevir,Tv ,Descatalogados ,http://nevir.imagar.com/wp-content/uploads/2021/03/9002-32.pdf,Ficha,8427155023241,https://nevir.es/productos/descatalogados/tv/nvr-9002-32rd2s-sm/,https://nevir.es/wp-content/uploads/2021/03/9002-32frontal-scaled-600x393.jpg,nevir.es
NVR-9002-32RD2S-SM,Nevir,Tv ,Descatalogados ,http://nevir.imagar.com/wp-content/uploads/2021/03/9002-32label.pdf,Etiqueta Energética,8427155023241,https://nevir.es/productos/descatalogados/tv/nvr-9002-32rd2s-sm/,https://nevir.es/wp-content/uploads/2021/03/9002-32frontal-scaled-600x393.jpg,nevir.es
NVR-8345BA,Nevir,Batidoras ,Cocina ,http://nevir.imagar.com/wp-content/uploads/2021/08/8345BA.pdf,Ficha,8427155904854,https://nevir.es/productos/pae/cocina/batidoras/nvr-8345ba/,https://nevir.es/wp-content/uploads/2021/08/8345BA-600x600.png,nevir.es
NVR-1130TCM,Nevir,Cafeteras ,Cocina ,http://nevir.imagar.com/wp-content/uploads/2021/08/1130manual.pdf,Manual de Instrucciones,8427155904014,https://nevir.es/productos/pae/cocina/cafeteras/nvr-1130tcm/,https://nevir.es/wp-content/uploads/2021/08/1130TCM-600x600.png,nevir.es
NVR-1130TCM,Nevir,Cafeteras ,Cocina ,http://nevir.imagar.com/wp-content/uploads/2021/08/1130.pdf,Ficha,8427155904014,https://nevir.es/productos/pae/cocina/cafeteras/nvr-1130tcm/,https://nevir.es/wp-content/uploads/2021/08/1130TCM-600x600.png,nevir.es
NVR-8060-39RD2S-SMA-N,Nevir,Tv ,Descatalogados ,http://nevir.imagar.com/wp-content/uploads/2021/03/8060-39manual.pdf,Manual de instrucciones,8427155023333,https://nevir.es/productos/descatalogados/tv/nvr-8060-39rd2s-sma-n/,https://nevir.es/wp-content/uploads/2021/03/8061-39frontal-scaled-600x382.jpg,nevir.es
NVR-8060-39RD2S-SMA-N,Nevir,Tv ,Descatalogados ,http://nevir.imagar.com/wp-content/uploads/2021/03/8060-39.pdf,Ficha,8427155023333,https://nevir.es/productos/descatalogados/tv/nvr-8060-39rd2s-sma-n/,https://nevir.es/wp-content/uploads/2021/03/8061-39frontal-scaled-600x382.jpg,nevir.es
NVR-8060-39RD2S-SMA-N,Nevir,Tv ,Descatalogados ,http://nevir.imagar.com/wp-content/uploads/2021/03/8061-39label.pdf,Etiqueta Energética,8427155023333,https://nevir.es/productos/descatalogados/tv/nvr-8060-39rd2s-sma-n/,https://nevir.es/wp-content/uploads/2021/03/8061-39frontal-scaled-600x382.jpg,nevir.es
NVR-8060-39RD2S-SMA-N,Nevir,Tv ,Descatalogados ,https://nevir.es/wp-content/uploads/2021/10/USO-MOUSE-TV.pdf,USO MOUSE TV,8427155023333,https://nevir.es/productos/descatalogados/tv/nvr-8060-39rd2s-sma-n/,https://nevir.es/wp-content/uploads/2021/03/8061-39frontal-scaled-600x382.jpg,nevir.es
NVR-8350BA SET,Nevir,Batidoras ,Cocina ,http://nevir.imagar.com/wp-content/uploads/2021/08/8350manual.pdf,Manual de Instrucciones,8427155904861,https://nevir.es/productos/pae/cocina/batidoras/nvr-8350ba-set/,https://nevir.es/wp-content/uploads/2021/08/8350BA-600x600.png,nevir.es
NVR-443T NEGRO/PLATA,Nevir,Radio Cassette ,Sonido ,http://nevir.imagar.com/wp-content/uploads/2021/08/443manual.pdf,Manual de Instrucciones, 842715512498,https://nevir.es/productos/sonido/radio-cassette/nvr-443t-negro-plata/,https://nevir.es/wp-content/uploads/2021/08/443T-PN-600x600.png,nevir.es
NVR-443T NEGRO/PLATA,Nevir,Radio Cassette ,Sonido ,http://nevir.imagar.com/wp-content/uploads/2021/08/443T2.pdf,Ficha, 842715512498,https://nevir.es/productos/sonido/radio-cassette/nvr-443t-negro-plata/,https://nevir.es/wp-content/uploads/2021/08/443T-PN-600x600.png,nevir.es
NVR-443T NEGRO,Nevir,Radio Cassette ,Sonido ,http://nevir.imagar.com/wp-content/uploads/2021/08/443manual.pdf,Manual de Instrucciones, 842715512481,https://nevir.es/productos/sonido/radio-cassette/nvr-443t-negro/,https://nevir.es/wp-content/uploads/2021/08/443T-N-600x600.png,nevir.es
NVR-443T NEGRO,Nevir,Radio Cassette ,Sonido ,http://nevir.imagar.com/wp-content/uploads/2021/08/443T2.pdf,Ficha, 842715512481,https://nevir.es/productos/sonido/radio-cassette/nvr-443t-negro/,https://nevir.es/wp-content/uploads/2021/08/443T-N-600x600.png,nevir.es
